marca;modelo;year
Toyota;Sienna SE;2019
Ford;F-150 Lariat;2018
RAM;1500 Laramie;2017
Honda;Accord Sport SE;2021
Lexus;RX 350;2020
Toyota;4Runner SR5;2012
Honda;HR-V LX;2017
Mercedes-Benz;E-Class E 350;2014
Honda;Pilot Touring 8-Passenger;2021
Dodge;Charger Scat Pack;2020
Lexus;RC 350 Base;2017
Lexus;GS 350 Base;2013
Lexus;RX 350 RX 350;2017
Ford;Explorer XLT;2018
Subaru;Crosstrek Premium;2021
Acura;RDX A-Spec;2021
Subaru;Forester Sport;2021
Subaru;Crosstrek 2.0i Premium;2018
BMW;435 Gran Coupe i xDrive;2016
Honda;Odyssey EX-L;2019
Honda;Odyssey EX-L;2016
Mercedes-Benz;GLC 300 Base;2020
Audi;Q5 2.0T Premium;2019
BMW;428 i;2014
Volvo;XC60 T5 Momentum;2019
Lincoln;MKZ Standard;2019
Subaru;Ascent Touring 7-Passenger;2020
Land;Rover Range Rover Evoque SE Premium;2017
Acura;MDX A-Spec;2022
Honda;Pilot EX-L;2022
Chevrolet;Impala Premier 2LZ;2019
INFINITI;G37 x;2013
Honda;Civic EX;2017
Tesla;Model S 75;2017
Honda;Pilot Special Edition;2021
Jeep;Grand Cherokee SRT;2015
Ford;Explorer Limited;2011
BMW;M240 i;2017
Volvo;XC60 T5 Inscription;2020
Honda;Civic EX;2018
BMW;X1 xDrive28i;2020
Acura;ILX Premium & A-SPEC Packages;2019
Chrysler;300 S;2021
Land;Rover Range Rover Sport 3.0L Supercharged HSE Dynamic;2017
BMW;Z4 sDrive30i;2019
Honda;Civic Sport;2019
Land;Rover Range Rover;2016
Ford;F-150 Lariat;2011
Mazda;CX-5 Grand Touring;2018
Kia;Sportage LX;2018
Volkswagen;Tiguan Sport;2017
Chrysler;300 S;2017
Tesla;Model X Performance;2020
Subaru;Impreza 2.0i Premium;2019
Jeep;Cherokee Latitude Plus;2019
BMW;320 i xDrive;2018
Porsche;Cayenne Base;2016
Nissan;Rogue SV;2016
Mercedes-Benz;E-Class E 350 4MATIC;2014
BMW;X5 xDrive35i Premium;2012
Hyundai;Santa Fe SEL 2.4;2020
Mercedes-Benz;AMG E 63 S 4MATIC;2019
Mercedes-Benz;S-Class S 560 4MATIC;2019
Hyundai;Elantra SE;2020
BMW;X3 M40i;2020
Volkswagen;Golf R 2.0T w/DCC & Navigation;2019
Land;Rover Range Rover HSE;2018
BMW;430 Gran Coupe i xDrive;2018
Mercedes-Benz;GLS 450 4MATIC;2019
Lexus;LS 460 Base;2011
Mercedes-Benz;GLB 250 Base;2020
Toyota;Camry SE;2021
Ford;Edge Sport;2018
Subaru;Crosstrek 2.0i Premium;2019
Toyota;4Runner Limited;2021
Ford;F-150;2016
Audi;A5 2.0T Premium;2012
Lexus;RC F Base;2015
Dodge;Challenger R/T;2021
Mazda;CX-5 Grand Touring;2016
Honda;Accord EX-L;2015
Chevrolet;Camaro 2SS;2017
Nissan;Rogue S;2017
Toyota;Highlander SE;2019
Chevrolet;Cruze LS;2019
Chevrolet;Traverse Premier;2018
Nissan;Murano SV;2020
BMW;540 i xDrive;2019
Volkswagen;Atlas 3.6L SEL Premium;2021
Chevrolet;Tahoe LTZ;2015
Honda;Civic Sport;2020
Nissan;Rogue SL;2018
Hyundai;Tucson SE;2017
Buick;Enclave Essence;2019
Jeep;Wrangler Unlimited Sport;2015
Buick;Enclave Essence;2020
BMW;X5 M Base;2018
Genesis;GV80 2.5T;2021
Chevrolet;Tahoe Z71;2021
Acura;MDX 3.5L w/Advance Package;2017
Toyota;RAV4 Sport;2007
Chevrolet;Suburban 1500 LT;2015
Ford;F-150 XLT;2016
Acura;MDX 3.5L w/Technology Package;2020
Toyota;Tundra SR5;2019
Cadillac;Escalade Sport;2021
Chrysler;300 S;2020
Honda;Civic LX;2018
Mercedes-Benz;SL-Class SL 550;2013
INFINITI;QX60 Pure;2020
BMW;X5 xDrive40i;2019
Kia;Sorento SX;2012
Ford;Taurus SES;2003
Lexus;RX 350 Base;2020
Kia;Sorento LX;2020
Lexus;LS 460 Base;2010
Chevrolet;Silverado 1500 Custom;2019
BMW;328 i;2015
Porsche;Macan GTS;2021
Land;Rover Range Rover Sport HSE Silver Edition;2021
BMW;320 320i xDrive;2018
BMW;540 i;2002
Mazda;Mazda3 AWD w/Preferred Package;2019
Genesis;G80 3.8;2019
Tesla;Model Y Long Range;2020
Toyota;Highlander Base Plus;2013
Jeep;Grand Cherokee Altitude;2019
Acura;MDX 3.5L;2020
BMW;M3 Base;2017
Toyota;Tacoma SR;2020
Tesla;Model Y Long Range;2021
Porsche;Boxster S;2013
Mazda;Mazda6 s Grand Touring;2010
Toyota;4Runner Limited;2018
Subaru;Forester;2019
Cadillac;XT5 Premium Luxury;2018
BMW;X3 sDrive30i;2019
Toyota;4Runner Limited;2012
Honda;Civic EX-T;2018
Toyota;Corolla SE;2020
Ford;Expedition Max Limited;2020
Honda;Pilot Elite;2022
Subaru;Forester 2.5i;2014
Ford;Edge Titanium;2020
Chevrolet;Silverado 1500 RST;2019
Lexus;RX 450hL Base;2020
Subaru;Forester Premium;2021
Volvo;XC60 T5 Inscription;2019
Volvo;XC40 T5 R-Design;2019
BMW;X5 sDrive40i;2020
Mazda;CX-5 Grand Touring;2019
Toyota;4Runner Limited;2019
BMW;M850 i xDrive;2019
Dodge;Challenger SXT;2020
Tesla;Model 3 Performance;2021
Hyundai;Santa Fe Limited Ultimate;2018
Ford;F-150 XLT;2019
BMW;330 i xDrive;2019
Honda;CR-V EX;2019
Toyota;4Runner Trail Premium;2016
Subaru;Impreza 2.0i;2017
Toyota;Highlander Base;2004
Lexus;RX 300;2003
Honda;CR-V EX-L;2019
Toyota;4Runner SR5;2019
BMW;X7 xDrive50i;2019
Mercedes-Benz;S-Class S 550 4MATIC;2008
Acura;TLX FWD;2020
Toyota;RAV4 XLE;2018
Honda;Accord EX-L 1.5T;2019
Mercedes-Benz;GLE 350 Base 4MATIC;2020
BMW;330 i;2019
BMW;X3 M40i;2019
Audi;Q3 45 S line Premium;2021
Mercedes-Benz;GLC 300 Base 4MATIC;2019
BMW;X5 PHEV xDrive45e;2021
Audi;S5 3.0T Prestige;2018
Honda;Pilot EX-L;2019
Chevrolet;Spark LS;2020
Hyundai;Elantra SE;2019
Mercedes-Benz;S-Class S 550 4MATIC;2012
Nissan;Frontier PRO-4X;2020
Honda;Accord EX-L 1.5T;2018
Jeep;Grand Cherokee Limited;2019
BMW;128 128i;2010
Lexus;LS 430 Base (A6);2004
Audi;A7 3.0T Prestige;2016
Mazda;Mazda6 Sport;2020
Hyundai;Sonata Hybrid SE;2016
Alfa;Romeo Giulia Ti;2017
Mercedes-Benz;CLA 250 Base;2019
Toyota;Corolla LE;2017
Acura;MDX 3.5L w/Technology Package;2016
Honda;Civic LX;2019
Lexus;RX 350 Base (A5);2008
Acura;ILX Premium & A-SPEC Packages;2020
Toyota;Highlander Limited w/3rd Row;2006
BMW;M550 i Xdrive;2019
BMW;M4 Base;2020
Volkswagen;Tiguan 2.0T SE;2019
Cadillac;XT6 Premium Luxury AWD;2021
Chevrolet;Blazer Premier;2020
Porsche;911 Targa 4;2012
Mercedes-Benz;C-Class C 300;2019
Mercedes-Benz;E-Class E 400;2015
Audi;A3 2.0T Prestige;2018
Jeep;Grand Cherokee Limited;2017
Subaru;Outback 2.5i Limited;2018
Porsche;Cayenne S;2015
BMW;X5 xDrive40i;2020
Lexus;RX 350 Base;2012
Buick;LaCrosse Premium;2017
Cadillac;XT5 Luxury;2017
BMW;X3 xDrive30i;2018
Tesla;Model Y Performance;2021
INFINITI;QX50 ESSENTIAL;2019
Mazda;Mazda3 FWD w/Preferred Package;2021
Kia;Forte FE;2021
Nissan;Murano SL;2018
Chevrolet;Corvette Stingray Z51;2016
Lincoln;MKZ Select;2018
Mercedes-Benz;AMG GLE 43 4MATIC Coupe;2019
Ford;F-150 Lariat;2021
Volkswagen;Arteon 2.0T SEL Premium R-Line;2019
Honda;Accord LX;2017
Dodge;Charger SXT;2021
Mercedes-Benz;AMG C 43 Base 4MATIC;2019
Acura;RDX Base;2019
Audi;Q5 45 Premium;2021
Acura;MDX 3.5L Technology & A-Spec Pkgs;2020
Volvo;XC90 T6 Momentum;2016
INFINITI;QX80 Luxe;2019
Honda;Accord LX;2018
Acura;MDX 3.5L;2015
Audi;Q8 3.0T Premium;2019
Nissan;Maxima 3.5 S;2017
Chevrolet;Trax LS;2017
Kia;Telluride SX;2020
Hyundai;Santa Fe Limited 2.0T;2020
Ford;Mustang EcoBoost Premium;2018
Chrysler;Crossfire SRT-6;2005
Mercedes-Benz;GLA 250 Base;2021
Porsche;Boxster;2010
FIAT;500L Easy;2014
Honda;Civic LX;2015
Honda;Civic LX;2017
Lexus;GX 460 Base;2020
Porsche;Macan S;2019
Mercedes-Benz;GLE 350 Base 4MATIC;2018
Honda;Pilot Elite;2017
BMW;428 i xDrive;2015
Lexus;RX 350 Base;2008
Toyota;Camry XSE;2019
Audi;A4 2.0T Premium;2019
BMW;X5 xDrive35i;2017
Kia;Telluride SX;2021
Mercedes-Benz;GLC 300 Base 4MATIC;2020
Toyota;4Runner Limited;2015
GMC;Yukon Denali;2021
Ford;F-150 XL;2018
Mazda;CX-9 Carbon Edition;2021
Chevrolet;Equinox Premier;2017
Lexus;RX 350 350;2017
BMW;X7 xDrive40i;2020
Ford;Edge Sport;2020
Lincoln;Aviator Reserve AWD;2020
Subaru;Crosstrek 2.0i Premium;2016
Subaru;Crosstrek 2.0i Limited;2018
Audi;Q5 45 Prestige;2020
Volvo;V90 Cross Country T5;2018
Honda;Accord EX-L;2014
Nissan;Murano SL;2011
Toyota;4Runner Nightshade;2021
Hyundai;Elantra SEL;2018
Porsche;Cayenne Base;2018
Honda;HR-V LX;2018
Subaru;Forester 2.5i Limited;2018
Ford;Edge ST;2020
Hyundai;Palisade Limited;2020
Nissan;Rogue SL;2020
Buick;Encore Preferred;2019
Jeep;Grand Cherokee Limited;2018
Toyota;RAV4 Hybrid XLE;2018
Cadillac;XT4 Sport;2019
Kia;Soul +;2013
Acura;TLX Tech;2015
Acura;RDX Advance Package;2021
Honda;CR-V Hybrid Touring;2020
Tesla;Model 3 Standard Range Plus;2019
Toyota;Highlander Limited Platinum;2016
Chevrolet;Equinox 1LT;2020
INFINITI;QX30 Premium;2018
Mercedes-Benz;GLS 450 GLS 450;2019
Land;Rover Range Rover Evoque SE;2020
Acura;MDX Base;2022
Acura;TLX A-Spec;2020
Toyota;Highlander Hybrid Limited;2021
Nissan;Rogue Sport S;2020
Lexus;ES 300 Base (A5);2003
Buick;Enclave 2XL;2010
RAM;1500 Big Horn;2021
Tesla;Model 3 Performance;2020
Lincoln;Aviator Black Label AWD;2020
BMW;328 i xDrive;2015
Chevrolet;Tahoe LT;2019
Toyota;Highlander SE;2013
Mazda;CX-5 Grand Touring;2021
Mercedes-Benz;GLS 450 Base 4MATIC;2019
Land;Rover Range Rover Sport Supercharged HSE;2014
Lincoln;MKZ Base;2014
Mercedes-Benz;GLA 250 Base;2020
Toyota;Tacoma SR5;2021
Acura;ILX w/AcuraWatch Plus;2017
Toyota;Prius Three;2013
Lexus;GX 460 460;2013
Dodge;Charger R/T Scat Pack;2016
Mercedes-Benz;E-Class E 300 4MATIC;2017
Acura;TLX V6;2020
Acura;TLX V6 Advance;2015
Dodge;Durango GT;2020
Jeep;Grand Cherokee Limited;2004
BMW;740 i;2020
Audi;Q8 55 Premium;2021
BMW;X3 xDrive30i;2019
Tesla;Model S 75D;2018
Subaru;XV Crosstrek 2.0i Premium;2014
BMW;X3 xDrive30i;2020
BMW;X3 xDrive28i;2017
Kia;Sorento SX;2017
Land;Rover Discovery HSE;2019
BMW;X3 sDrive30i;2020
Mercedes-Benz;GLE 350;2021
BMW;750 i xDrive;2020
Lexus;GS 350 F Sport;2017
Toyota;Highlander Limited;2021
Subaru;Outback 2.5i Limited;2019
Land;Rover Range Rover SV Autobiography Dynamic;2019
Toyota;Highlander Limited;2018
INFINITI;QX60 Luxe;2019
Honda;Passport EX-L;2020
Toyota;RAV4 Limited;2018
Mazda;Mazda3 i SV;2014
Kia;Stinger GT2;2020
Audi;A6 55 Premium Plus;2021
Ford;Mustang GT;2020
Tesla;Model 3 Performance;2019
Ford;Fusion Hybrid Titanium;2020
Dodge;Durango GT;2018
Toyota;4Runner Limited;2016
Mercedes-Benz;C-Class C 300;2018
Jeep;Wrangler Unlimited Sahara;2018
Subaru;Forester 2.5i Touring;2016
Chevrolet;Equinox Premier w/1LZ;2019
Volkswagen;Jetta 1.4T S;2019
Ford;Mustang GT;2016
Ford;Focus RS Base;2017
Honda;Pilot EX-L;2021
Alfa;Romeo Stelvio Base;2018
Jaguar;F-TYPE S;2016
Ford;EcoSport S;2020
Nissan;Murano SL;2019
Ford;F-150 XLT SuperCrew;2004
Audi;RS 5 2.9T;2019
BMW;X3 xDrive28i;2013
Volkswagen;Golf TSI S 2-Door;2015
Toyota;Avalon XSE;2020
Lexus;RX 350 350;2019
Honda;Accord Touring 2.0T;2018
GMC;Sierra 1500 Elevation;2020
Volkswagen;Jetta SE;2011
Volkswagen;Tiguan SE;2012
BMW;X3 xDrive28i;2016
Toyota;Corolla SE;2019
MINI;Convertible Cooper;2019
Audi;Q5 45 Premium;2020
Mazda;Mazda3 Sport;2018
Alfa;Romeo Stelvio Ti Sport;2019
Kia;Sorento LX;2017
Audi;Q5 2.0T Premium Plus;2018
Audi;A6 55 Premium Plus;2019
BMW;X1 sDrive28i;2019
Lexus;NX 200t Base;2016
Ford;Explorer XLT;2021
Jeep;Cherokee Trailhawk;2014
Dodge;Charger SRT 392;2017
Ford;F-150 Lariat;2016
Hyundai;Veloster Turbo;2016
Toyota;Sienna XSE 7 Passenger;2021
Lincoln;MKZ Hybrid Reserve;2017
Toyota;RAV4 LE;2019
Ford;Explorer Limited;2016
Chevrolet;Equinox LT;2017
Mazda;CX-9 Touring;2019
Subaru;Impreza 2.0i Sport;2019
Subaru;Forester 2.5i Premium;2017
Audi;A6 2.0T Premium Plus quattro;2013
Volvo;XC60 T6 Dynamic;2017
Jeep;Grand Cherokee 80th Anniversary;2021
Toyota;Camry LE;2010
Toyota;Highlander Limited;2016
Ford;F-150 Raptor;2019
Toyota;4Runner SR5 Premium;2016
Mercedes-Benz;C-Class C 300 4MATIC;2019
Toyota;RAV4 Limited;2015
Audi;SQ5 3.0T Premium;2019
Lexus;IS 300 Base;2016
Mercedes-Benz;GLS 450 Base 4MATIC;2018
Lexus;NX 300 Base;2021
Lincoln;MKZ Reserve I;2019
Toyota;RAV4 Hybrid Limited;2018
BMW;M340 i;2020
Honda;Accord EX-L;2018
Cadillac;XT5 Luxury;2019
Mercedes-Benz;AMG GLC 43 Base 4MATIC;2020
Lexus;RX 350;2019
Mercedes-Benz;C-Class C 300 4MATIC;2018
Toyota;Camry LE;2005
Nissan;Maxima 3.5 SV;2011
Honda;CR-V EX-L;2021
Tesla;Model 3 Long Range;2022
Volvo;XC60 T6;2015
Alfa;Romeo Stelvio Ti;2019
Audi;SQ5 Premium Plus;2019
Toyota;Tacoma;2021
Land;Rover Range Rover Velar P380 S;2018
Audi;Q7 55 Premium Plus;2021
Cadillac;XT4 Premium Luxury;2019
Honda;Ridgeline RTL-E;2019
Dodge;Durango R/T;2018
Lamborghini;Urus;2020
BMW;435 i;2015
Mercedes-Benz;GLE 350 4MATIC;2020
Audi;S4 3.0T Premium Plus;2018
Toyota;Supra 3.0;2020
Audi;Q5 2.0T Premium Plus;2014
Porsche;Macan S;2020
Cadillac;XT5 Premium Luxury;2020
Maserati;Levante S;2017
Ford;F-150 Lariat;2020
Lexus;ES 350 Base;2021
Mercedes-Benz;GLE 350 Base;2018
Hyundai;Santa Fe Ultimate 2.0T;2019
Nissan;Murano Platinum;2017
Honda;Accord EX-L;2020
Mercedes-Benz;GLK-Class GLK 350;2015
Volvo;XC60 T5 Momentum;2020
Lincoln;Navigator Reserve;2019
Dodge;Charger Scat Pack;2021
Toyota;RAV4 LE;2018
Land;Rover Range Rover Westminster;2021
Jeep;Cherokee Limited;2020
Chevrolet;Suburban LT;2020
GMC;Yukon SLT;2020
BMW;X5 sDrive35i;2018
Mercedes-Benz;GLS 450 Base 4MATIC;2017
Mercedes-Benz;E-Class E 350 4MATIC;2020
Lexus;RX 350 350;2018
Volvo;XC40 T5 Momentum;2020
Hyundai;Elantra SEL;2020
Honda;CR-V Touring;2017
Nissan;Murano Platinum;2020
Jeep;Grand Cherokee Trailhawk;2018
GMC;Acadia Denali;2021
Land;Rover Range Rover Velar P250 SE R-Dynamic;2019
Nissan;Frontier S;2018
GMC;Yukon XL Denali;2021
Lincoln;Navigator L Select;2017
Audi;Q5 2.0T Premium Plus;2019
BMW;X1 xDrive28i;2018
Toyota;Tundra;2021
Audi;Q5 Premium;2021
Jeep;Cherokee Limited;2019
Land;Rover Range Rover Velar S;2020
Kia;Sportage LX;2020
Audi;Q7 45 Premium;2021
Volvo;S60 T6 Momentum;2019
Acura;RDX Technology Package;2018
Audi;Q5 3.0T Premium Plus;2014
Nissan;Rogue S;2020
Ford;Edge Titanium;2018
BMW;X5 M50i;2020
BMW;328 i xDrive;2011
Honda;Passport EX-L;2021
BMW;X3 M40i;2018
Subaru;Ascent Premium 8-Passenger;2019
Toyota;Mirai Base;2019
Mercedes-Benz;C-Class C 300;2020
Toyota;RAV4 LE;2020
Toyota;Prius Four;2017
Mercedes-Benz;E-Class E 63 AMG S-Model 4MATIC;2015
Mercedes-Benz;GL-Class GL 450 4MATIC;2015
Toyota;RAV4 Limited;2017
Tesla;Model X Long Range;2020
Land;Rover Range Rover Velar P250 S;2019
Lexus;RX 350 RX 350;2019
Mitsubishi;Outlander Sport 2.0 ES;2021
Volvo;XC60 T6 Momentum;2018
Volvo;XC60 T6 Momentum;2019
Subaru;Ascent Limited 8-Passenger;2019
Mercedes-Benz;AMG G 63 Base;2017
Ford;Edge Titanium;2019
Chevrolet;Trax LS;2019
Lexus;GX 460 Base;2018
Jaguar;F-PACE 30t Prestige;2019
Audi;A7 3.0T Prestige;2019
Subaru;Outback 2.5i Premium;2018
Lexus;RX 350L L;2018
Nissan;Rogue SL;2017
Mercedes-Benz;GLS 580 Base 4MATIC;2021
Jaguar;E-PACE SE;2020
RAM;1500 Laramie;2020
Jeep;Grand Cherokee Limited;2014
BMW;Z4 sDrive35i;2014
Tesla;Model 3 Long Range;2019
Land;Rover Defender 110 HSE;2020
BMW;X4 xDrive30i;2021
Lexus;RX 350;2018
Lincoln;Corsair Reserve;2020
Chevrolet;Corvette Stingray;2015
Toyota;RAV4 LE;2021
GMC;Sierra 1500 Denali;2016
Honda;Accord Sport;2019
Cadillac;XT5 Premium Luxury;2019
Volvo;XC90 T6 Momentum 7 Passenger;2020
Hyundai;Palisade Limited;2021
BMW;330 i;2021
Honda;Passport EX-L;2019
Ford;Focus SE;2009
Mercedes-Benz;E-Class E 300;2018
BMW;X5 xDrive35i;2018
Toyota;Highlander Hybrid Platinum;2020
Jeep;Gladiator Rubicon;2020
Jaguar;F-PACE 25t Prestige;2020
Honda;HR-V Sport;2019
Mercedes-Benz;AMG GLE 43 Coupe 4MATIC;2019
BMW;X3 xDrive30i;2021
Acura;MDX 3.5L w/Technology Package;2017
BMW;328d xDrive;2018
Mazda;CX-9 Signature;2020
Lexus;ES 350 F Sport;2021
Kia;Forte S;2018
GMC;Sierra 1500 SLT;2014
GMC;Terrain SLT;2019
Toyota;RAV4 Hybrid Limited;2017
Dodge;Charger SXT;2019
BMW;335 335i;2008
Jaguar;F-PACE SVR;2020
BMW;750 Li;2007
Toyota;Highlander XLE;2019
Ford;Edge Titanium;2017
Hyundai;Santa Fe SE Ultimate;2017
GMC;Acadia Denali;2017
Mercedes-Benz;E-Class E 350 4MATIC;2016
Chevrolet;Traverse LT Cloth;2020
BMW;X5 xDrive50i;2015
Honda;CR-V EX;2005
Audi;S4 3.0T Premium Plus;2014
Lincoln;MKX Select;2018
Kia;Optima S;2018
Mercedes-Benz;GLB 250 Base 4MATIC;2020
Jeep;Grand Cherokee Limited;2021
Toyota;Camry SE;2020
GMC;Acadia Denali;2019
Lexus;RX 350 Base;2019
Mercedes-Benz;GLE 350 Base;2017
Mazda;CX-5 Grand Touring;2020
Volkswagen;Tiguan 2.0T SEL Premium R-Line;2021
Land;Rover Range Rover 5.0L Supercharged Autobiography;2014
Land;Rover Range Rover 3.0L Supercharged HSE;2015
Lexus;RX 350 F SPORT Appearance;2021
Volvo;XC60 T6 Inscription;2019
Ford;Escape Titanium;2015
Porsche;Macan Base;2020
Lexus;GS 350 F Sport;2018
Tesla;Model 3 Long Range;2021
Volvo;XC60 T5 Momentum;2018
Lexus;GX 460 Base;2019
Lexus;NX 200t F Sport;2017
Lexus;RX 450h 450H;2018
Lexus;ES 350 Base;2012
Honda;CR-V EX-L;2020
Subaru;Outback 3.6R Limited;2019
Ford;Fusion Titanium;2020
Toyota;Tundra 1794;2017
BMW;X5 xDrive40i;2021
Hyundai;Santa Fe XL Limited Ultimate;2019
Nissan;Titan PRO-4X;2021
Lexus;RX 350 Base;2015
BMW;X7 xDrive40i;2021
Lexus;RX 350 Base;2013
BMW;X4 xDrive30i;2019
Toyota;RAV4 XLE Premium;2021
Ford;Escape Titanium;2019
Hyundai;Tucson Limited;2022
Jeep;Wrangler Unlimited Sahara;2020
Audi;Q7 3.0T Prestige;2017
Genesis;GV70 3.5T Sport;2022
Cadillac;Escalade Luxury;2017
Toyota;Camry XSE;2020
GMC;Acadia Denali;2020
BMW;740 i;2016
Buick;Envision Essence;2020
Hyundai;Palisade Calligraphy;2021
Acura;MDX 3.5L AcuraWatch Plus Package;2016
Ford;Escape SEL;2020
Ford;Fusion SEL;2020
Honda;CR-V LX;2019
Honda;Accord EX-L;2017
Kia;Sorento LX;2019
Jeep;Grand Cherokee Limited;2020
Nissan;Murano SL;2020
GMC;Acadia SLT-1;2019
Audi;Q5 2.0T Tech Premium;2018
Cadillac;CTS 2.0L Turbo Luxury;2019
Honda;CR-V Touring;2019
BMW;M550 M550i xDrive;2018
Mercedes-Benz;CLS-Class CLS 63 AMG S-Model 4MATIC;2014
Kia;Seltos S;2021
Chrysler;Pacifica Touring-L;2020
Acura;TLX V6 Tech;2015
Chrysler;Aspen Limited;2008
BMW;X1 xDrive28i;2019
BMW;X7 xDrive40i;2019
Kia;Sorento EX;2019
Lexus;GS 350 F Sport;2020
Toyota;4Runner TRD Pro;2019
Mercedes-Benz;GLB 250 Base 4MATIC;2022
BMW;330 i xDrive;2018
Toyota;RAV4 LE;2014
Subaru;Outback 2.5i Premium;2016
Lexus;RX 350 F Sport;2019
Ford;Explorer XLT;2019
Audi;Q7 3.0T Premium Plus;2017
Mazda;CX-5 Grand Touring;2017
Cadillac;CTS 3.6L Luxury;2019
Lexus;IS 300 IS 300 F SPORT;2019
Chrysler;200 Limited;2015
Ford;Explorer Limited;2020
Jeep;Grand Cherokee Summit;2020
Acura;RDX Technology Package;2021
Mercedes-Benz;A-Class A 220 4MATIC;2019
Cadillac;CT6 3.0L Twin Turbo Luxury;2016
Mercedes-Benz;E-Class E 350 4MATIC;2021
Toyota;Prius LE;2020
Cadillac;XT6 Premium Luxury FWD;2021
Cadillac;XT5 Sport;2020
Toyota;4Runner Limited;2020
GMC;Acadia SLT;2020
Toyota;Highlander LE Plus;2019
BMW;M550 i xDrive;2018
RAM;1500 Limited;2020
Cadillac;XT5 Luxury;2018
Mercedes-Benz;G-Class G 550;2014
Cadillac;XTS Luxury;2018
Nissan;Altima 2.5 SL;2019
BMW;435 i xDrive;2014
Porsche;Cayenne GTS;2016
BMW;X1 xDrive 28i;2016
Land;Rover Range Rover Evoque SE Premium;2019
Land;Rover Range Rover HSE;2020
Mercedes-Benz;CLA 250 Base;2020
Ford;Expedition Limited;2020
Acura;RDX Technology Package;2019
RAM;1500 Limited;2019
Nissan;Armada Platinum;2017
Tesla;Model X 70D;2016
Mercedes-Benz;AMG E 53 Base 4MATIC;2019
Kia;Sorento LX V6;2020
Lincoln;MKZ Reserve;2020
INFINITI;QX60 Luxe;2020
Acura;RDX A-Spec;2020
BMW;540 i;2019
Lexus;GX 460 Base;2015
Honda;Pilot EX-L;2020
Land;Rover Range Rover Evoque S;2020
Nissan;Titan PRO-4X;2020
Ford;Explorer XLT;2020
Ford;F-150 Lariat;2017
Subaru;Outback 2.5i Premium;2017
Ford;Flex Limited;2012
Mercedes-Benz;AMG C 43 Base 4MATIC;2020
INFINITI;QX80;2017
Nissan;Sentra S;2019
Lexus;NX 200t F Sport;2016
Jaguar;XK;2007
Toyota;Corolla LE;2020
Mercedes-Benz;GLS 450 GLS 450;2018
RAM;1500 Rebel;2021
Hyundai;Santa Fe Limited 2.4;2020
Lexus;GS 350 Base;2016
Mercedes-Benz;M-Class ML 350;2015
Mercedes-Benz;AMG C 63 Base;2018
Chevrolet;Suburban LT;2018
GMC;Acadia SLE;2020
Alfa;Romeo Giulia Base;2020
Porsche;Cayenne Base;2020
Audi;e-tron Prestige;2019
Chevrolet;Impala LS;2013
Acura;MDX 3.5L;2019
Acura;MDX 3.5L w/Advance Package;2019
BMW;M4 Base;2015
Audi;R8 4.2;2015
Honda;Pilot EX-L w/Navigation/RES;2019
Acura;RDX Base (A10);2019
BMW;X5 xDrive50i;2019
Hyundai;Santa Fe SE 2.4;2019
Mercedes-Benz;GLA 250 Base 4MATIC;2019
Lexus;RX 350;2017
Jaguar;F-TYPE R;2017
Porsche;Panamera 4;2013
INFINITI;QX80 PREMIUM SELECT;2021
Tesla;Model Y Performance;2020
Volvo;XC90 T5 Momentum;2019
Lincoln;MKC Reserve;2019
Mercedes-Benz;A-Class A 220;2019
Toyota;Highlander XLE;2021
Lexus;ES 350 F Sport;2019
Ford;Expedition XLT;2020
Ford;Explorer Base;2019
Buick;LaCrosse CXS;2011
Mercedes-Benz;S-Class S430;2001
Honda;Pilot EX;2019
Lexus;LS 500 Base;2018
Toyota;Sienna XLE;2022
Audi;Q8 3.0T Prestige;2019
Cadillac;Escalade ESV Premium;2012
Kia;Telluride S;2020
Lincoln;Nautilus Reserve;2020
Buick;Encore Essence;2019
Chevrolet;Corvette Stingray w/2LT;2021
Jeep;Grand Cherokee Trailhawk;2021
Mercedes-Benz;CLA 250 CLA 250;2019
Acura;TLX V6;2018
Volkswagen;Tiguan 2.0T SE;2020
Land;Rover Range Rover Sport 5.0L Supercharged SVR;2017
Land;Rover Range Rover Sport Autobiography;2019
Mercedes-Benz;GLC 300 4MATIC Coupe;2020
Lexus;NX 300;2020
Ford;Ranger Lariat;2020
BMW;X1 xDrive28i;2021
Acura;TLX A-Spec;2021
Hyundai;Veloster Turbo;2014
Ford;Mustang GT Premium;2015
Cadillac;XT6 Premium Luxury AWD;2020
Subaru;Forester Touring;2019
BMW;340 i xDrive;2016
Subaru;Outback Limited XT;2021
Jeep;Wrangler Unlimited Sport;2021
Mercedes-Benz;SLK-Class SLK 250;2015
RAM;1500 Limited;2021
Toyota;Tacoma TRD Off Road;2020
Subaru;Outback 2.5i Limited;2017
Audi;A6 2.0T quattro Sport;2018
Toyota;Tundra SR5;2021
Acura;RDX Base;2016
Nissan;Rogue SV;2021
Jeep;Grand Cherokee Laredo;2016
Jaguar;F-PACE 35t R-Sport;2017
Nissan;Rogue SL;2019
Mazda;Mazda3 i Sport;2010
Ford;Expedition EL Limited;2017
Kia;Forte LX;2017
Jeep;Wrangler Unlimited Rubicon;2016
BMW;X6 xDrive35i;2019
Mazda;CX-5 Touring;2019
Acura;RDX A-Spec;2019
Ford;Explorer Limited;2018
Chevrolet;Silverado 2500 LTZ H/D Crew Cab;2008
Nissan;Murano SL;2017
Ford;F-150 Lariat;2019
Subaru;Outback Limited XT;2020
Ford;Focus Titanium;2013
BMW;M2 Base;2018
Mazda;CX-9 Grand Touring;2019
Jeep;Grand Cherokee Summit;2019
Honda;Pilot Touring 8-Passenger;2020
Mercedes-Benz;SL-Class SL500 Roadster;2003
Subaru;Crosstrek 2.0i Limited;2019
Audi;RS 5 2DR 2.9 TFSI QTRO;2021
Honda;CR-V EX-L;2017
Chrysler;Pacifica Touring-L;2019
Kia;Optima LX;2019
Subaru;Impreza 2.0i Premium;2016
Subaru;Outback Limited;2021
Toyota;Tundra 1794;2016
Chevrolet;Traverse High Country;2020
Mitsubishi;Mirage G4 LE;2020
Maserati;Ghibli S Q4;2019
Toyota;RAV4 XLE;2017
Kia;Telluride EX;2020
INFINITI;Q50 3.0t LUXE;2018
Mercedes-Benz;GLA 250 Base 4MATIC;2021
Lincoln;Navigator L Select;2019
Dodge;Durango R/T;2020
Lexus;ES 350 Base;2018
Lexus;GX 460 Luxury;2020
BMW;430 i xDrive;2019
Lincoln;MKZ Base;2013
Mazda;Mazda3 s Sport;2011
Honda;Civic LX;2020
Mercedes-Benz;G-Class G 550 4MATIC;2019
BMW;740 i xDrive;2019
Ford;Flex SEL;2019
Chevrolet;Trax LT;2019
Audi;Q7 55 Premium Plus;2019
Land;Rover Range Rover P525 HSE Westminster;2021
BMW;328 i xDrive;2013
Chevrolet;Silverado 1500 LT;2018
Jeep;Wrangler Unlimited Sahara;2019
Toyota;4Runner Limited;2006
Honda;Odyssey EX-L;2014
Mercedes-Benz;AMG G 63 Base;2020
Jeep;Wrangler Unlimited Rubicon;2006
Subaru;Forester Base (CVT);2019
Acura;TLX Technology;2018
Cadillac;Escalade ESV Luxury;2018
Jeep;Wrangler Sport;2019
Chevrolet;Trax LS;2020
Honda;Odyssey EX-L w/Navigation/RES;2020
Acura;MDX 3.5L Technology Package;2015
Genesis;G90 5.0 Ultimate;2017
Volvo;S60 T5 Momentum;2021
Mitsubishi;Outlander Sport 2.0 SE;2021
Porsche;Cayenne S;2016
Toyota;Corolla LE;2022
Mercedes-Benz;GLE 350 4MATIC;2021
BMW;X3 sDrive30i;2021
Mercedes-Benz;S-Class S 550;2015
Cadillac;XT6 Premium Luxury FWD;2020
Tesla;Model 3 Standard Range Plus;2021
Toyota;Camry;2020
Kia;Sorento S;2021
BMW;530 i xDrive;2018
INFINITI;QX50 Base;2017
GMC;Terrain Denali;2018
Lexus;GX 460 Base;2021
Volkswagen;Tiguan 2.0T SE;2021
Toyota;RAV4 Hybrid Limited;2016
Volvo;S60 T6 Inscription;2021
Subaru;Forester 2.5i Premium;2015
Bentley;Bentayga Design Edition;2020
Volvo;S90 T6 Momentum;2019
Hyundai;Kona SEL;2019
Ford;Edge ST;2019
Mercedes-Benz;AMG GLC 43 Base 4MATIC;2019
Volkswagen;Atlas 3.6L SE w/Technology;2018
Ford;F-150 XL;2017
Porsche;911 Carrera 4S;2019
BMW;M2 Base;2017
Audi;Q8 3.0T Premium Plus;2019
Mitsubishi;Outlander Sport;2020
Toyota;Highlander Hybrid Limited;2022
Chevrolet;Malibu LT;2020
Mercedes-Benz;CLA 250 Base 4MATIC;2019
Tesla;Model 3 Long Range;2018
Audi;S3 2.0T Premium Plus;2016
Audi;Q7 2.0T Premium Plus;2018
Chevrolet;Cruze LS;2017
Mazda;Mazda6 Touring;2021
Honda;Accord EX-L;2021
Ford;Escape SE;2020
Ford;Flex Limited;2018
Subaru;Ascent Premium 8-Passenger;2020
Lamborghini;Aventador LP700-4;2013
Lincoln;Aviator Standard RWD;2020
Volvo;S90 T6 Inscription;2018
Chevrolet;Cruze 1LT;2014
Lincoln;MKX Base;2013
Land;Rover Range Rover 3.0L V6 Supercharged HSE;2019
Porsche;Cayenne Base;2019
Toyota;RAV4 Limited;2021
Volkswagen;Tiguan 2.0T SEL;2021
Alfa;Romeo Stelvio Base;2020
GMC;Acadia SLE-1;2019
Subaru;Legacy 2.5i Premium;2019
Toyota;Corolla SE;2021
Mercedes-Benz;GLA-Class GLA 250 4MATIC;2015
Jeep;Renegade Limited;2017
Toyota;Venza XLE;2015
Land;Rover Range Rover Velar P380 SE R-Dynamic;2018
Hyundai;Sonata SE;2021
Jeep;Wrangler Unlimited Sport;2020
BMW;330 i xDrive;2021
Mercedes-Benz;C-Class C 300;2021
Audi;RS 5 4.2;2014
Porsche;911 Turbo;2022
Mercedes-Benz;S-Class S 450 4MATIC;2019
Volvo;XC90 T6 Momentum;2019
Volvo;XC90 T6 Inscription 6 Passenger;2020
Subaru;Outback 3.6R Limited;2018
Hyundai;Kona Limited;2018
Toyota;Avalon Limited;2011
Mercedes-Benz;C-Class C 300;2017
Toyota;RAV4 Limited;2020
Toyota;Corolla LE;2021
Toyota;Corolla LE;2019
Subaru;Crosstrek 2.0i;2018
Volkswagen;Tiguan 2.0T S;2020
BMW;X2 sDrive28i;2018
Subaru;Outback 3.6R Touring;2019
Toyota;Camry LE;2007
Acura;RDX Base;2015
Chevrolet;Tahoe LT;2015
Acura;ILX Premium & A-SPEC Packages;2016
Chevrolet;Tahoe LTZ;2016
Toyota;4Runner Limited;2017
Audi;Q5 45 Premium Plus;2020
Lincoln;MKZ Premiere;2017
Acura;RDX AcuraWatch Plus Package;2018
Honda;Odyssey Touring;2020
Cadillac;DTS Performance;2007
Lexus;RX 350 Base;2021
Dodge;Journey Crossroad;2019
Acura;TLX FWD;2019
GMC;Yukon Denali;2018
Volkswagen;Tiguan 2.0T SEL Premium R-Line;2019
Toyota;Highlander Hybrid Limited;2018
BMW;X5 xDrive35i;2016
Lexus;NX 300 Base;2020
INFINITI;QX60 Pure;2019
Toyota;Camry SE;2019
Chevrolet;Silverado 1500 LD LT;2019
Tesla;Model 3 Long Range;2020
Toyota;Supra 3.0 Premium;2021
Toyota;Camry;2021
BMW;435 Gran Coupe i;2015
GMC;Yukon XL SLT;2018
BMW;X3 M Competition;2020
Ford;Fusion SE;2017
Audi;Q7 55 Prestige;2019
Subaru;Ascent Limited 7-Passenger;2019
Lexus;ES 350 Base;2016
Honda;Odyssey Touring Elite;2016
Volvo;XC60 3.2 Premier Plus;2013
Ford;Mustang V6;2015
Mazda;CX-5 Touring;2021
Honda;CR-V LX;2020
Kia;Sorento SX;2016
Lexus;ES 350 F Sport;2020
Ford;Edge Sport;2017
GMC;Acadia Denali;2012
Audi;A5 2.0T Premium Plus;2019
Hyundai;Palisade SEL;2021
GMC;Sierra 1500 Denali;2020
Lexus;ES 350 Base;2020
Nissan;Murano SV;2019
Cadillac;CT6 3.6L Premium Luxury;2019
Subaru;Ascent Limited 7-Passenger;2020
Cadillac;XT4 Premium Luxury;2020
Toyota;Highlander LE;2019
Chevrolet;Traverse LT Leather;2021
Volvo;S60 T6 R-Design;2019
GMC;Yukon XL 1500 Denali;2014
Bentley;Continental Flying Spur Speed;2010
INFINITI;QX80 Base;2018
Audi;Q3 2.0T Premium;2018
Audi;e-tron Prestige;2021
Audi;Q7 3.0T Prestige;2018
Subaru;Outback 3.6R Touring;2017
GMC;Yukon Denali;2012
Audi;Q7 55 Premium;2021
Audi;A3 2.0T Premium Plus;2017
BMW;750 i xDrive;2019
Land;Rover Range Rover Supercharged;2018
Honda;Pilot Elite;2020
Honda;Accord Touring 2.0T;2021
Mazda;CX-9 Touring;2020
Lexus;IS 250 Base;2011
Mercury;Grand Marquis LS;2011
Nissan;Pathfinder SL;2020
Lexus;IS 350 F Sport;2021
Subaru;Impreza Premium;2021
Mercedes-Benz;E-Class E 400 4MATIC;2016
Ford;F-150 XLT;2018
Dodge;Challenger R/T Scat Pack;2020
Toyota;Sienna XLE Premium;2020
Audi;Q5 2.0T Premium;2018
Cadillac;Escalade ESV Premium Luxury;2021
Audi;A4 45 S line quattro Premium;2021
Lincoln;MKZ Standard;2020
Audi;Q5 3.0T Premium Plus;2013
Nissan;Maxima Platinum;2021
Jeep;Compass Latitude;2019
Audi;A4 40 Premium Plus;2021
Volvo;V90 Cross Country T6;2018
Mercedes-Benz;GLC 300 4MATIC;2018
Mazda;CX-9 Grand Touring;2020
Mercedes-Benz;G-Class G 550;2015
Dodge;Charger SXT Plus;2018
Subaru;Outback 3.6R Limited;2017
GMC;Terrain Denali;2020
BMW;M235 Gran Coupe i xDrive;2021
Mercedes-Benz;AMG GLE 43 Coupe 4MATIC;2017
BMW;X3 M40i;2021
Toyota;RAV4 XLE;2020
INFINITI;QX50 Luxe;2021
BMW;X4 M40i;2019
Toyota;Tundra Platinum;2018
Mazda;Mazda6 i Touring;2014
Honda;CR-V EX;2020
Chevrolet;Tahoe LT;2021
BMW;740 i xDrive;2020
Toyota;C-HR LE;2021
Mercedes-Benz;GLE 350 Base;2021
Hyundai;Tucson Ultimate;2021
BMW;528 i xDrive;2016
Chevrolet;Cruze LT;2019
Lexus;GX 460;2019
Mercedes-Benz;GLK-Class GLK 350 4MATIC;2015
Subaru;Forester Limited;2019
Volvo;XC90 3.2;2014
Hyundai;Veloster Base;2013
Porsche;Cayenne S;2019
INFINITI;Q50 Base;2015
Chevrolet;Tahoe LT;2022
Audi;Q5 2.0T Premium;2012
Mercedes-Benz;GLC 300 Base 4MATIC;2021
Chevrolet;Trax LT;2018
Acura;TLX Tech;2020
Lamborghini;Urus Base;2020
Nissan;Altima 2.5 SR;2019
Acura;MDX 3.5L w/Technology Package;2019
Chevrolet;Malibu 1LS;2020
Mercedes-Benz;E-Class E 300 Sport;2017
BMW;X1 sDrive28i;2018
Chevrolet;Suburban High Country;2021
Dodge;Durango R/T;2021
Lincoln;MKC Reserve;2017
BMW;X3 xDrive35i;2014
GMC;Yukon Denali;2019
Ford;Focus SE;2016
Chevrolet;Cruze LT;2017
Hyundai;Santa Fe Calligraphy;2021
BMW;X5 4.8i;2008
BMW;440 i xDrive;2019
Mercedes-Benz;AMG C 43 Base 4MATIC;2018
Buick;Enclave Avenir;2020
Honda;Pilot EX-L;2011
Nissan;Leaf SV;2020
Audi;A5 2.0T Premium;2019
Volkswagen;Golf R 4-Door;2016
Mazda;CX-30 Premium Package;2021
BMW;Z4 2.5i Roadster;2004
Jeep;Cherokee Latitude;2020
Acura;RDX Advance Package;2019
Honda;Accord EX;2018
Land;Rover Range Rover Sport 3.0L Supercharged HSE;2017
BMW;430 i;2019
Mercedes-Benz;S-Class S 63 AMG;2015
Jeep;Grand Cherokee Trailhawk;2020
Porsche;911 GT3;2022
Mazda;Tribute i;2005
Jeep;Wrangler Unlimited Rubicon;2020
Honda;Accord EX-L 2.0T;2018
GMC;Sierra 1500 SLT;2018
Audi;A4 2.0T Premium Plus quattro;2010
Porsche;Cayenne S;2005
Lexus;RX 350 RX 350;2018
Mercedes-Benz;E-Class E 350;2010
Lexus;NX 300 F Sport;2020
Ford;Expedition Max Limited;2019
Nissan;Murano Platinum;2021
Jeep;Grand Cherokee Summit;2015
Mercedes-Benz;GLA 250 Base 4MATIC;2018
Maserati;Levante Base;2019
Nissan;Versa 1.6 S+;2016
Land;Rover Defender 110 X;2021
Nissan;Maxima 3.5 SL;2019
Lexus;LS 500 Base;2019
Hyundai;Palisade SEL;2020
Land;Rover Range Rover Sport SE;2020
BMW;X3 xDrive28i;2014
Nissan;Pathfinder SL;2015
BMW;X2 xDrive28i;2022
Acura;MDX SH-AWD 7-Passenger;2020
Jeep;Grand Cherokee Limited;2015
Volkswagen;Tiguan 2.0T S;2021
GMC;Yukon XL SLT;2021
Mercedes-Benz;GLE 350 Base 4MATIC;2021
Ford;Edge SEL;2020
Porsche;911 Carrera GTS;2017
Volkswagen;Taos 1.5T SE;2022
Acura;RDX Technology Package;2020
Toyota;Highlander XLE;2017
Audi;RS 5 2.9T;2021
Lincoln;Nautilus Select;2019
Chevrolet;Blazer 2LT;2020
Chrysler;300 Limited;2018
Honda;Accord EX-L;2016
BMW;430 Gran Coupe i;2018
Ford;Expedition Limited;2019
Ford;ZX2;2003
Land;Rover Range Rover 3.0L Turbocharged Diesel Td6;2016
Maserati;Ghibli S;2018
Mercedes-Benz;GLE 350 Base 4MATIC;2017
Chevrolet;Traverse LT Leather;2020
Dodge;Durango GT;2019
Mercedes-Benz;AMG GT 63 4-Door;2019
Mazda;CX-5 Carbon Edition;2022
Land;Rover Range Rover Sport 3.0L Supercharged HSE;2019
Hyundai;Elantra SE;2016
Volvo;XC90 T6 R-Design;2019
Dodge;Durango Citadel;2014
Mercedes-Benz;AMG C 43 Base 4MATIC;2017
Jeep;Grand Cherokee Overland;2019
Toyota;RAV4 Limited;2019
Subaru;Impreza 2.0i;2018
Lincoln;Navigator Select;2017
Honda;Accord Sport;2014
Hyundai;Tucson SE;2021
Cadillac;Escalade Luxury;2019
Mercedes-Benz;E-Class E 300;2017
Audi;A6 2.0T Premium Plus;2016
Toyota;Camry XSE V6;2021
Jaguar;F-TYPE Premium;2017
Hyundai;Palisade Calligraphy;2022
Audi;A4 2.0T Premium Plus;2019
Toyota;4Runner SR5;2014
Chevrolet;Suburban RST;2021
Ford;Escape SEL;2019
INFINITI;QX60 Base;2016
Lincoln;Continental Select;2017
INFINITI;QX50 Luxe;2020
Land;Rover Defender 110 SE;2020
Volvo;S60 T5 Momentum;2019
Honda;Accord Sport SE;2017
Lexus;IS 300 Base;2020
Lamborghini;Urus Base;2019
Lexus;ES 350 Base;2013
Dodge;Durango R/T;2019
Volvo;XC90 T5 Momentum 7 Passenger;2020
Mercedes-Benz;AMG GLE 43 Coupe 4MATIC;2018
Mercedes-Benz;CLS-Class CLS 550 4MATIC;2014
Honda;Pilot Touring;2016
Tesla;Model S 100D;2018
Chevrolet;Silverado 1500 High Country;2019
Nissan;Pathfinder S;2018
Kia;Telluride EX;2021
Chevrolet;Silverado 1500 LT;2020
Porsche;911 Carrera 4;2021
Porsche;911 Turbo S;2015
Lexus;ES 350 Luxury;2019
Mercedes-Benz;E-Class E 450;2019
Jeep;Grand Cherokee Overland;2016
Land;Rover Range Rover HSE Westminster;2021
Chevrolet;Trailblazer LS;2004
Land;Rover Range Rover Sport 3.0L Supercharged SE;2019
RAM;1500 Longhorn;2020
Chevrolet;Equinox 1LT;2019
Hyundai;Kona SE;2019
Mercedes-Benz;GLB 250 4MATIC;2021
Mercedes-Benz;GLE 450 AWD 4MATIC;2020
Hyundai;Palisade SE;2022
Dodge;Challenger GT;2018
Chevrolet;Corvette Stingray;2017
Alfa;Romeo Stelvio Base;2021
MINI;Countryman Cooper S;2019
Ford;Mustang EcoBoost Premium;2016
Subaru;Legacy 2.5i Premium;2017
Porsche;911 Turbo;2015
Lexus;GX 460 Base;2017
Land;Rover Discovery HSE;2018
Porsche;911 Carrera S;2021
BMW;530 i;2019
Volvo;XC40 T5 R-Design;2021
Acura;RDX w/A-Spec Package;2021
Honda;Civic EX-L;2019
Acura;TLX A-Spec;2022
Mercedes-Benz;C-Class C 300 4MATIC;2020
Mercedes-Benz;AMG G 63 Base;2019
BMW;X3 xDrive35i;2016
Porsche;Macan Base;2018
Mercedes-Benz;GLC 350e Base 4MATIC;2019
Honda;CR-V Touring;2020
Ford;F-150 King Ranch;2011
Audi;A4 2.0T Premium;2018
Chevrolet;Impala LT;2006
BMW;530 i;2018
Buick;Encore Sport Touring;2019
Volkswagen;Tiguan 2.0T S;2019
Porsche;911 Carrera;2008
Acura;MDX Touring;2005
Nissan;Pathfinder S;2019
Audi;A3 2.0T Premium;2016
Honda;CR-V Touring;2016
Dodge;Journey SE;2019
Volkswagen;Atlas 3.6 V6 SE w/ Technology;2021
Chevrolet;Equinox Premier w/1LZ;2020
Ford;Fusion SE;2020
BMW;540 i;2018
Nissan;Sentra SV;2021
Cadillac;Escalade ESV Luxury;2019
Dodge;Charger GT;2021
RAM;1500 Laramie;2019
Ford;Edge SEL;2019
Ford;F-150 Platinum;2019
Chevrolet;Traverse LTZ;2016
Toyota;RAV4 XLE Premium;2019
Lexus;RX 350 F Sport Performance;2020
Lincoln;Continental Black Label;2018
Chevrolet;Impala LT;2012
Chevrolet;Traverse Premier;2020
GMC;Sierra 1500 Denali;2021
Chevrolet;Traverse LT Cloth;2019
Chevrolet;Silverado 1500 LT;2019
Subaru;Legacy 2.5i Sport;2018
Honda;Pilot EX-L w/ Navigation;2013
Kia;Sorento LX;2021
Chevrolet;Suburban LT;2019
Mercedes-Benz;GL-Class GL 450 4MATIC;2013
Lexus;LC 500 Base;2018
Jeep;Wrangler Sport;2018
Kia;Sorento LX;2016
Buick;Enclave Leather;2017
BMW;X5 xDrive35i;2011
Mazda;Mazda3 FWD w/Premium Package;2019
Porsche;Macan S;2017
Scion;xB Base;2015
BMW;430 i xDrive;2020
Volkswagen;Atlas 3.6 V6 SEL;2021
GMC;Sierra 2500 Denali;2020
GMC;Yukon XL Denali;2018
Toyota;Highlander Hybrid Limited;2019
Ford;Explorer Limited;2014
Acura;ILX Premium Package;2021
Chevrolet;Traverse LS;2020
Honda;Accord LX 1.5T;2020
GMC;Sierra 1500 Denali;2018
INFINITI;QX60 Base;2018
Audi;A3 2.0T Premium;2015
Ford;Flex Limited;2019
Mercedes-Benz;S-Class S 550 4MATIC;2016
Land;Rover Range Rover Evoque Pure;2013
Nissan;Rogue SV;2020
Jeep;Grand Cherokee High Altitude;2018
Mercedes-Benz;C-Class C 300;2016
Ford;Fiesta SE;2019
Mercedes-Benz;AMG C 63 S;2019
Honda;Passport Touring;2020
Cadillac;Escalade Luxury;2020
INFINITI;Q50 3.0t SENSORY;2021
Honda;Passport Sport;2019
Toyota;Highlander Limited;2017
Volkswagen;Atlas Cross Sport 3.6L V6 SEL;2020
Cadillac;SRX Luxury Collection;2015
Toyota;Corolla Hatchback SE;2021
Mercedes-Benz;GLS 550 Base 4MATIC;2017
Toyota;Sienna LE Auto Access Seat;2019
Hyundai;Tucson Value;2021
Mercedes-Benz;GLC 300 Base;2019
Mercedes-Benz;S-Class S 550 4MATIC;2015
Chevrolet;Silverado 1500 LTZ;2015
Lexus;RX 350;2021
Buick;Encore Preferred;2020
Nissan;Maxima 3.5 SV;2016
Subaru;Forester Premium;2020
Mercedes-Benz;G-Class G 550;2017
Cadillac;Escalade ESV Base;2015
Jaguar;F-PACE 25t Premium;2019
GMC;Acadia SLE-2;2019
Hyundai;Tucson Limited;2019
Mercedes-Benz;S-Class S 450;2019
Alfa;Romeo Giulia Ti;2018
Cadillac;Escalade Platinum;2020
Kia;Sorento SX;2021
Porsche;Macan Base;2021
GMC;Yukon XL SLT;2020
BMW;320 i;2018
Jeep;Patriot Latitude;2012
Ford;Escape Titanium;2013
BMW;X6 xDrive35i;2016
Acura;TLX Type S;2021
Toyota;RAV4 XLE;2019
Nissan;Murano SL;2004
Mercedes-Benz;GLS 450 Base 4MATIC;2020
Honda;CR-V Touring;2021
Chevrolet;Tahoe LTZ;2014
Kia;Seltos SX;2021
Hyundai;Kona SEL;2022
Volvo;XC40 T5 Momentum;2019
Toyota;4Runner SR5;2016
Tesla;Model X P90D;2016
Mazda;Mazda3 s;2005
Jaguar;F-PACE S;2018
Lincoln;MKC Standard;2019
Cadillac;Escalade Premium Luxury;2019
GMC;Sierra 1500 Denali;2019
Hyundai;Tucson Limited;2017
Lincoln;Corsair Standard;2021
Ford;Escape Titanium;2017
Chevrolet;Equinox 1LT;2015
GMC;Yukon Denali;2017
Mercedes-Benz;C-Class C 300 4MATIC;2021
GMC;Yukon SLT;2021
Maserati;GranTurismo Sport;2014
Lincoln;Navigator Select;2019
Kia;Forte LX;2016
Nissan;Maxima SV;2013
Chevrolet;Equinox 2LT;2019
Nissan;Rogue S;2013
Audi;S5 3.0T Premium Plus;2019
Toyota;Camry SE;2017
Porsche;Macan 4DR SUV AWD;2019
Hyundai;Kona Ultimate;2020
Chevrolet;Equinox 1LT;2017
GMC;Yukon XL 1500 SLE;2015
Cadillac;Escalade Platinum Edition;2013
Honda;Accord EX-L;2013
Porsche;Macan S;2015
Audi;A8 L 55;2019
Mercedes-Benz;E-Class E 300;2019
Tesla;Model 3 Performance;2018
Mercedes-Benz;GLB 250 Base 4MATIC;2021
Ford;F-150 Lariat SuperCab;2009
RAM;1500 Laramie;2021
BMW;X3 M Base (A8);2020
Acura;TLX FWD;2015
INFINITI;QX80 4WD;2016
Honda;Pilot Elite;2019
Subaru;Ascent Premium;2020
Ford;Expedition XLT;2018
Ford;Escape Titanium;2014
GMC;Acadia Limited Limited;2017
Toyota;Camry LE;2011
GMC;Sierra 1500 Limited SLE;2019
Volvo;XC60 B5 Inscription;2022
Acura;RDX Base;2020
Ford;Escape SE;2018
Toyota;Sequoia SR5;2012
Mercedes-Benz;GLS 580 Base 4MATIC;2020
GMC;Yukon AT4;2021
Toyota;Tundra SR5;2020
Nissan;Rogue S;2019
Subaru;Forester Premium;2019
Volvo;S60 T5;2014
Lexus;NX 300 Base;2019
Jaguar;F-PACE 25t Prestige;2019
Porsche;Macan Base;2019
Porsche;Macan S;2018
Lexus;UX 250h Base;2020
Jeep;Compass Trailhawk;2020
Kia;Telluride SX;2022
Ford;EcoSport SE;2020
Ford;Escape Titanium;2018
Ford;Mustang Mach-E Premium;2021
Cadillac;XT6 AWD Premium Luxury;2020
Honda;Pilot Touring;2011
Jeep;Grand Cherokee Trackhawk;2018
Ford;Explorer Platinum;2020
GMC;Yukon SLT;2018
Chevrolet;Suburban Premier;2017
Acura;TL 3.5;2014
Kia;Sportage S;2020
Subaru;Forester 2.5i Premium;2018
Subaru;Ascent Touring 7-Passenger;2021
Porsche;718 Boxster S;2017
INFINITI;QX50 Luxe;2019
Hyundai;Kona SE;2020
Hyundai;Tucson Value;2019
RAM;1500 Big Horn;2020
BMW;530 i xDrive;2019
Buick;Encore Preferred;2017
Chevrolet;Tahoe LT;2017
Volkswagen;Atlas 2.0T S;2021
Toyota;RAV4 Sport;2018
Honda;Civic EX;2019
Mercedes-Benz;A-Class A 220;2020
Volkswagen;Atlas 3.6 V6 SE w/ Technology R-Line;2021
Cadillac;CT6 Luxury;2019
BMW;M340 i xDrive;2020
Jeep;Gladiator Rubicon;2021
Ford;Escape Limited;2006
Hyundai;Santa Fe Sport 2.4L;2018
Chevrolet;Tahoe Premier;2017
Buick;Envision Essence;2019
Nissan;Armada SL;2020
Mazda;Mazda3 i Touring;2013
Mercedes-Benz;GLE-Class GLE 350;2016
Jeep;Grand Cherokee Overland;2021
Mercedes-Benz;S-Class S 550;2016
Kia;Cadenza Technology;2017
Toyota;Camry LE;2020
Lexus;RX 350 Base;2010
Land;Rover Range Rover Velar S R-Dynamic;2020
Volvo;S60 T6 Inscription;2019
Audi;SQ5 3.0T Premium Plus;2018
Mercedes-Benz;GLA 250 Base;2019
BMW;750 i;2019
INFINITI;Q50 3.0T Sport;2017
Jeep;Grand Cherokee Altitude;2018
Mercedes-Benz;CLA 250 Base;2018
Jeep;Wrangler Sport;2021
Chevrolet;Corvette Z06;2016
Chevrolet;Tahoe LT;2012
BMW;X2 xDrive28i;2018
Mercedes-Benz;GLC 300 Base 4MATIC;2018
Volkswagen;Passat 2.0T SE;2020
Kia;Sorento EX;2021
Toyota;4Runner TRD Pro;2021
Toyota;Camry SE;2012
Hyundai;Sonata SEL Plus;2021
Jaguar;XE 35t First Edition;2017
BMW;M3 Base;2018
Mercedes-Benz;AMG GLE 53 Base;2021
Hyundai;Santa Fe SE 2.4;2020
Subaru;Forester 2.5i Limited;2015
Audi;A4 40 Premium;2021
Lexus;GS 350 Base;2015
Honda;Accord Touring;2016
Ford;Explorer Limited;2019
Subaru;Outback Limited;2020
Jeep;Wrangler Unlimited Rubicon;2021
Chevrolet;Camaro 1LT;2019
Dodge;Durango GT;2021
Mitsubishi;Eclipse GS Sport;2012
Hyundai;Sonata GLS;2011
Kia;K5 GT-Line;2021
MINI;Hardtop Cooper;2015
Toyota;Highlander Limited;2019
Subaru;Ascent Touring 7-Passenger;2019
Nissan;Rogue Sport SV;2019
Jaguar;E-PACE P250 SE;2021
Audi;A5 2.0T Premium Plus;2018
Volkswagen;Tiguan 2.0T SEL Premium R-Line;2020
Toyota;Corolla S Plus;2015
Mazda;CX-5 Touring;2018
BMW;X2 M35i;2022
Nissan;Pathfinder Platinum;2019
Chevrolet;Suburban Z71;2021
Porsche;Cayenne Platinum Edition;2017
Alfa;Romeo Giulia Ti;2019
Jeep;Renegade Latitude;2019
Mercedes-Benz;A-Class A 220;2021
Maserati;Ghibli Base;2019
Jeep;Wrangler Unlimited Rubicon 392;2021
Tesla;Model X 90D;2017
Lincoln;Nautilus Reserve;2019
Mercedes-Benz;C-Class C 300;2015
Land;Rover Range Rover 5.0L Supercharged;2016
Kia;Sportage LX;2021
Kia;Optima SX Turbo;2019
Chevrolet;Equinox Premier w/1LZ;2018
Acura;TLX w/Technology Package;2017
Kia;Optima EX;2013
Chevrolet;Silverado 1500 LS;2017
Lincoln;Continental Select;2019
Ford;Explorer sport;2017
Toyota;Sienna Limited;2013
Jeep;Grand Cherokee Limited;2016
Kia;Sportage Nightfall;2022
Toyota;Sienna SE;2017
Ford;F-150 XLT;2012
Honda;Odyssey Touring;2013
Hyundai;Tucson SE;2020
Jeep;Patriot Limited;2014
Kia;Forte LXS;2021
Mercedes-Benz;GLC 300 Base;2021
Mercedes-Benz;GLA 250 Base;2018
Acura;TLX V6 Tech;2016
Honda;CR-V EX;2021
Mazda;CX-5 Sport;2018
Chevrolet;Blazer RS;2022
BMW;M6 Base;2018
GMC;Terrain SLT;2020
GMC;Sierra 1500 AT4;2021
BMW;X3 xDrive28i;2011
BMW;X5 xDrive35i;2013
Chevrolet;Colorado Z71;2017
Nissan;Maxima 3.5 Platinum;2018
Acura;MDX Sport Hybrid 3.0L w/Technology Package;2020
Audi;Q5 S line Premium;2022
Alfa;Romeo Giulia Base;2021
BMW;430 i;2020
Alfa;Romeo Stelvio Ti;2018
Honda;CR-V EX-L;2013
Audi;e-tron Premium Plus;2019
Kia;Sportage LX;2022
Dodge;Durango SXT;2021
INFINITI;QX30 Premium;2017
GMC;Yukon Denali;2016
Lexus;ES 350 Base;2017
INFINITI;QX60 Base;2017
Nissan;Juke SV;2014
GMC;Sierra 1500 Denali;2017
Volvo;S60 Momentum;2019
BMW;M5 Competition;2020
Audi;A7 3.0T Premium Plus;2018
Lexus;RX 350 RX 350;2021
BMW;M3 CS;2018
Land;Rover Range Rover Velar P340 SE R-Dynamic;2019
Audi;A8 L 4.0T;2016
Porsche;911 Targa 4S;2018
Chevrolet;Tahoe LTZ;2013
Land;Rover Range Rover Evoque SE Premium;2016
Audi;A5 2.0T Premium Plus;2021
Chrysler;300C Base;2016
Toyota;Corolla XSE;2020
Audi;A6 2.0T Premium Plus;2017
Lexus;RX 450h RX 450h;2017
Volvo;S60 T6 Momentum;2020
Volvo;XC60 T6 Inscription;2018
Land;Rover Discovery Sport HSE;2019
Jeep;Wrangler Unlimited Sahara Altitude;2021
Jeep;Grand Cherokee Overland;2011
Mercedes-Benz;E-Class E 450 4MATIC;2020
Kia;Sorento EX;2016
Kia;Sportage LX;2019
BMW;X2 xDrive28i;2020
Honda;Pilot Touring;2017
Toyota;Highlander Limited;2020
Mazda;CX-5 Grand Touring Reserve;2020
Buick;Enclave Premium;2012
Lexus;LC 500 Base;2019
Hyundai;Tucson SEL;2019
Mitsubishi;Outlander Sport 2.0 ES;2020
Audi;A4 2.0T Premium Plus;2017
Honda;HR-V LX;2022
Buick;Encore Essence;2020
Dodge;Journey Crossroad;2017
Chevrolet;Equinox 1LT;2021
Toyota;4Runner TRD Pro;2020
Audi;A3 1.8T Premium Plus;2015
Nissan;Armada SL;2019
Subaru;Forester Sport;2019
Toyota;Tacoma Base;2015
Hyundai;Tucson SE;2018
Audi;A3 2.0T Premium;2018
Land;Rover Range Rover 5.0L V8 Supercharged;2019
Honda;HR-V LX;2019
Mercedes-Benz;SL 450 Base;2020
Honda;Accord Sport 2.0T;2021
Lexus;RX 350L Premium;2019
Acura;TLX Technology;2020
Acura;RDX;2018
BMW;X1 sDrive28i;2022
Porsche;Cayman GT4;2016
Acura;TSX 2.4;2011
Toyota;4Runner SR5;2018
Toyota;Tundra Limited;2007
Ford;Explorer XLT;2017
Lexus;GS 350 Base;2014
Mazda;CX-9 Touring;2013
Volkswagen;Jetta 1.4T S;2021
Nissan;Maxima 3.5 SR;2017
Lexus;IS 300 Base;2019
Hyundai;IONIQ 5 SE;2022
Mercedes-Benz;M-Class ML 350 4MATIC;2013
Mercedes-Benz;CLA 250 Base 4MATIC;2018
Land;Rover Range Rover Velar P380 HSE R-Dynamic;2019
GMC;Terrain SLT;2021
Dodge;Charger SE;2010
Chevrolet;Silverado 1500 LT;2021
Hyundai;Tucson Value;2020
Kia;Forte LXS;2020
Mercedes-Benz;AMG GLC 63 S 4MATIC;2019
Land;Rover Range Rover Sport 3.0L Supercharged HSE;2020
Volkswagen;Atlas 3.6L SEL Premium;2019
Lexus;IS 350 Base;2020
Ford;Explorer ST;2020
Lexus;RX 350 Base;2011
Jeep;Grand Cherokee Limited;2011
Kia;Forte LXS;2022
Subaru;Crosstrek Sport;2021
Audi;A4 2.0T Premium;2017
Audi;Q5 2.0T Prestige;2019
Ford;Mustang EcoBoost Premium;2021
Toyota;RAV4 XLE;2021
Chevrolet;Malibu 1LT;2017
Ford;Explorer Limited;2015
Chevrolet;Silverado 1500 Custom;2020
Honda;Fit Sport;2011
GMC;Terrain SLE;2021
Mercedes-Benz;GLC 300 4MATIC Coupe;2021
Ford;Escape SE;2019
Kia;Soul +;2015
Hyundai;Elantra SE;2018
Ford;Fusion SEL;2012
Land;Rover Range Rover Sport HSE;2009
Volvo;XC90 T6 Momentum 7 Passenger;2021
Hyundai;Kona SEL;2021
Mercedes-Benz;G-Class G 63 AMG;2015
Porsche;911 Carrera S;2020
Honda;CR-V LX;2017
Porsche;911 Turbo S;2021
Mazda;CX-5 Touring;2020
Subaru;Outback 2.5i Limited;2016
Ford;F-150 XLT;2020
Jeep;Gladiator Sport;2021
Lincoln;MKC Select;2019
Ford;Focus SE;2018
Kia;Optima LX;2020
Jeep;Cherokee Trailhawk;2019
Nissan;Altima 2.5 SL;2018
Chevrolet;Tahoe LT;2018
Audi;A5 40 Premium;2021
Jaguar;F-PACE 35t Premium;2017
Toyota;C-HR LE;2020
Subaru;Forester;2021
Dodge;Durango SRT Hellcat;2021
BMW;328d Base;2018
Toyota;Camry LE;2019
Hyundai;Sonata SEL;2019
Volkswagen;Atlas Cross Sport 2.0T SE;2020
Jeep;Compass Latitude;2014
Subaru;Outback 2.5i Premium;2019
Toyota;Highlander XLE;2020
Porsche;Macan S;2016
Land;Rover Defender 110 First Edition;2020
Land;Rover Range Rover 5.0L V8 Supercharged Autobiography;2019
Jeep;Grand Cherokee Overland;2015
Land;Rover Range Rover Velar P250 S;2021
Audi;Q5 Premium Plus;2021
Audi;Q7 55 Premium Plus;2020
Chevrolet;Traverse LS;2014
INFINITI;Q50 3.0t Sport;2020
Mercedes-Benz;GLE 350 Base;2020
Ford;EcoSport SE;2018
GMC;Yukon XL SLT;2019
Lexus;ES 300h Base;2019
Toyota;4Runner Limited 4WD;2018
Toyota;Tundra 1794;2022
Toyota;4Runner SR5 4WD;2020
Genesis;G80 3.8;2017
Cadillac;XT6 Sport AWD;2020
Ford;Edge Limited;2013
Ford;F-150 Platinum;2018
Ford;F-150 Limited;2021
Mazda;CX-30 Premium Package;2020
Chevrolet;Tahoe High Country;2021
Ford;Escape Titanium;2020
Nissan;Maxima 3.5 S;2018
Porsche;911 Carrera 4 Coupe;2008
Hyundai;Elantra SE;2014
Porsche;Cayenne Turbo Coupe AWD;2020
Genesis;GV70 2.5T;2022
Toyota;Corolla LE;2018
Jeep;Wrangler Unlimited Sport;2018
Land;Rover Range Rover Evoque Pure Plus;2014
Nissan;Maxima SV;2012
Mercedes-Benz;E-Class E 400 4MATIC;2018
Toyota;RAV4 LE;2017
Volkswagen;Atlas 2.0T SE;2018
Honda;Pilot Touring 7-Passenger;2020
BMW;X5 sDrive35i;2017
Ford;Escape SE;2017
Honda;Civic LX;2016
Chevrolet;Traverse Premier;2019
Porsche;Macan S;2021
BMW;740 i;2019
Volvo;XC90 T5 Momentum 7 Passenger;2021
Land;Rover Discovery SE;2019
Mitsubishi;Outlander Sport ES;2020
Subaru;Forester 2.5i Premium;2016
Volkswagen;Passat 2.0T SEL;2020
Toyota;Corolla L;2019
Volvo;XC90 T6 Momentum;2021
Dodge;Challenger SXT;2016
Ford;Taurus SHO;2015
Volvo;XC60 T5 Inscription;2021
Mazda;CX-9 Grand Touring;2017
Honda;Ridgeline RTL-E;2020
Mercedes-Benz;G-Class G 550 4MATIC;2020
Chevrolet;Tahoe RST;2022
BMW;640 Gran Turismo i xDrive;2019
Ford;F-150 King Ranch;2020
Jeep;Grand Cherokee L Limited;2021
Ford;Escape S;2018
Ford;Expedition Max Limited;2018
GMC;Terrain Denali;2019
Audi;A4 Premium Plus;2019
BMW;228 Gran Coupe i xDrive;2021
Land;Rover Range Rover P525 HSE;2020
RAM;1500 Rebel;2020
Audi;A6 3.0t Sport;2018
Subaru;Outback 3.6R Limited;2015
BMW;X6 M50i;2021
Cadillac;CT6 3.6L Luxury;2017
INFINITI;QX80 Base;2017
Chevrolet;Tahoe LT;2011
Hyundai;Sonata SE;2020
GMC;Terrain SLE;2020
Dodge;Durango SXT;2020
Acura;MDX 3.5L w/Technology Package;2018
Mitsubishi;Lancer Evolution GSR;2011
Audi;Q5 45 Titanium Premium;2020
Cadillac;Escalade Premium Luxury;2021
Audi;Q7 45 Premium Plus;2019
Audi;Q8 Premium;2019
Acura;RDX Technology;2013
GMC;Yukon SLT;2015
Toyota;Camry LE;2016
Ford;Mustang GT Premium;2018
Dodge;Charger R/T;2021
Toyota;Camry XLE;2018
Toyota;Tundra Platinum;2016
INFINITI;Q50 3.0t LUXE;2020
Porsche;Macan Base;2017
Volkswagen;Atlas 3.6 V6 SEL Premium;2021
Honda;Civic LX;2014
BMW;530 i;2021
Subaru;Ascent Premium 7-Passenger;2020
Dodge;Challenger R/T Scat Pack;2021
Lexus;UX 250h Base;2021
BMW;328 Gran Turismo i xDrive;2014
Chevrolet;Camaro 2LS;2014
Cadillac;Escalade Base;2013
Subaru;Crosstrek 2.0i Premium;2017
Jeep;Grand Cherokee Laredo;2019
Mazda;CX-5 Grand Touring;2015
Mercedes-Benz;GLA 250 Base 4MATIC;2017
GMC;Sierra 3500 Denali;2020
Mazda;CX-9 Touring;2018
Volvo;V90 Cross Country T6;2020
Toyota;4Runner SR5;2021
Mercedes-Benz;CLS 450 Base;2020
Jeep;Grand Cherokee Altitude;2020
Jeep;Commander Limited;2006
Kia;Optima LX;2018
Land;Rover Range Rover P525 HSE LWB;2020
Honda;CR-V EX;2016
GMC;Sierra 2500 Denali;2015
Acura;RDX Technology Package;2015
Hyundai;Santa Fe SEL;2022
Chevrolet;Suburban LT;2016
Volkswagen;Jetta 1.4T S;2020
Lexus;LX 570 Three-Row;2021
Toyota;Sequoia Platinum;2016
Toyota;Tundra SR5;2006
Subaru;Crosstrek Premium;2020
Chevrolet;Equinox LS;2010
Toyota;Highlander Base;2013
Jeep;Compass Trailhawk;2019
Honda;Pilot Special Edition;2022
Toyota;4Runner Limited Nightshade;2019
Hyundai;Kona SEL Plus;2021
Audi;A3 2.0T Premium;2019
Chevrolet;Colorado Z71;2021
Maserati;GranTurismo Sport;2013
Chrysler;300 Limited;2017
Lincoln;Navigator Black Label;2021
Toyota;Corolla SE;2022
INFINITI;Q50 3.0t Red Sport 400;2019
Toyota;Corolla Hatchback SE;2019
Ford;F-150 King Ranch;2018
Hyundai;Palisade SEL;2022
Lexus;RC 350 Base;2016
Nissan;Pathfinder SV;2016
Cadillac;ATS 2.0L Turbo Luxury;2015
Buick;LaCrosse Premium 1;2014
Ford;Ranger XLT;2020
Toyota;Highlander XLE;2016
Chrysler;300 Limited;2020
Chevrolet;Tahoe RST;2021
Tesla;Model 3 Mid Range;2018
Land;Rover Discovery Landmark;2020
Honda;Pilot Elite;2016
Lexus;ES 350 Base;2019
Dodge;Journey SE;2018
Nissan;Altima 2.5 SR;2021
Ford;Expedition Platinum;2019
Land;Rover Range Rover Velar S;2021
Porsche;Cayenne S;2012
Mazda;Mazda3 Premium Plus;2021
Volvo;XC90 3.2;2007
Volkswagen;Arteon 2.0T SE R-Line;2019
Volkswagen;Atlas 3.6L SEL;2021
Chevrolet;Traverse RS;2019
Buick;Encore GX Select;2021
BMW;X1 xDrive 28i;2017
Hyundai;Elantra SE;2017
Subaru;Forester 2.5X;2012
Audi;Q3 2.0T Premium Plus;2016
Lexus;IS-F Base;2011
Nissan;Rogue Platinum;2021
INFINITI;Q70 3.7X;2016
Audi;Q3 S line Premium Plus;2020
Subaru;Legacy 2.5i Limited;2017
Subaru;Impreza Premium;2020
Jeep;Renegade Altitude;2018
Jeep;Cherokee Latitude Plus;2020
Dodge;Durango GT;2017
BMW;330 i;2020
Chrysler;Town & Country Touring-L;2013
Toyota;4Runner TRD Off Road;2019
Volkswagen;Passat 2.0T S;2018
Kia;Soul Base;2016
Jeep;Wrangler JK Sport;2018
Chevrolet;Equinox 2LT;2020
INFINITI;Q50 3.0t Sport;2019
Ford;Mustang EcoBoost;2019
Volkswagen;Atlas Cross Sport 2.0T SE;2021
BMW;Z4 sDrive35is;2015
Mazda;Mazda6 Touring;2018
Lincoln;Aviator Reserve AWD;2021
Mercedes-Benz;SLK-Class SLK 250;2012
BMW;430 i;2017
Kia;Sorento LX;2015
Mazda;CX-9 Grand Touring;2011
Toyota;Highlander LE;2017
Honda;Civic SE;2015
Lexus;LX 570 Base;2017
BMW;750 i xDrive;2017
Bentley;Continental GT Speed;2014
Cadillac;CTS 2.0L Turbo Standard;2016
Volkswagen;Atlas 3.6L SE w/Technology;2019
Nissan;Murano S;2006
Cadillac;CTS Premium;2012
Kia;Sorento S;2020
Toyota;Camry SE;2018
Lexus;IS 250;2009
Hyundai;Santa Fe Sport 2.0L Turbo;2016
Lincoln;MKZ Hybrid Reserve I;2019
Chrysler;Pacifica Limited;2020
Jeep;Grand Cherokee Summit;2017
Audi;Q7 3.0T Premium Plus;2018
Dodge;Durango GT Plus;2019
Chevrolet;Tahoe LT;2016
Toyota;Tacoma SR5;2022
Chevrolet;Silverado 1500 1LT;2018
Ford;F-150 Platinum;2020
Land;Rover Discovery HSE LUXURY;2019
Chevrolet;Corvette Grand Sport;2013
Ford;Explorer Base;2021
Chevrolet;Impala LS Fleet;2011
Cadillac;Escalade Luxury;2016
Toyota;Highlander Platinum;2021
Jeep;Grand Cherokee High Altitude;2015
RAM;1500 Longhorn;2014
Mercedes-Benz;CLA-Class CLA 250;2016
Mitsubishi;Outlander Sport SE;2020
Chevrolet;Tahoe LS;2019
RAM;1500 Classic Warlock;2019
Acura;TLX Technology Package;2017
Volvo;S60 T5 Premier Plus;2015
Porsche;911 Carrera;2014
Scion;tC;2010
Kia;Soul Base;2017
Volkswagen;Atlas Cross Sport 2.0T S;2020
Porsche;Macan GTS;2018
Cadillac;ATS 2.0L Turbo;2018
GMC;Yukon XL Denali;2017
Audi;Q3 2.0T Premium Plus;2018
Chevrolet;Tahoe LT;2020
Mazda;CX-5 Sport;2019
Kia;Sportage S;2021
Acura;RDX w/Technology Package;2021
Alfa;Romeo Giulia Ti;2020
Nissan;Altima 2.5 S;2016
Mercedes-Benz;GLE-Class GLE 350 4MATIC;2016
Acura;TL Technology;2012
Porsche;Macan;2018
Porsche;718 Boxster Base;2019
Honda;Civic Sport;2022
Lexus;LS 460 Base;2014
Volkswagen;Atlas 3.6L SE w/Technology;2021
Toyota;Camry XLE;2019
Lincoln;Navigator L Select;2018
Volkswagen;Atlas 3.6L S;2019
Hyundai;Tucson SEL;2022
INFINITI;QX60 Base;2015
Hyundai;Tucson Sport;2020
Mercedes-Benz;CLA 250 Base;2021
Mazda;CX-5 Sport;2020
Volkswagen;Tiguan 2.0T Sport;2017
Mercedes-Benz;E-Class E 350;2020
BMW;528 i;2014
Chevrolet;Trailblazer LT;2021
Kia;Sportage LX;2017
Acura;TL 3.2;2003
Mazda;Mazda6 i Grand Touring;2014
Chevrolet;Tahoe Premier;2019
Acura;RDX;2016
Buick;Envision Essence;2021
Lexus;RX 350 F Sport;2018
Chevrolet;Trax LT;2020
GMC;Acadia Denali;2018
Honda;Pilot Touring 8-Passenger;2019
Toyota;Highlander LE;2021
Toyota;Camry XSE;2021
GMC;Yukon SLT;2017
Honda;HR-V EX;2019
Honda;HR-V EX;2021
Jeep;Wrangler X;2007
Alfa;Romeo Giulia Base;2019
Mercedes-Benz;C-Class C 300 4MATIC;2017
Jeep;Grand Cherokee Laredo E;2021
Toyota;C-HR XLE;2019
Volkswagen;Jetta 1.8T SE;2015
Audi;Q7 55 quattro Premium Plus;2020
BMW;535 i;2013
Subaru;Ascent Limited 7-Passenger;2021
Ford;Edge Titanium;2016
Toyota;C-HR XLE Premium;2018
Audi;Q5 Premium Plus;2019
Jeep;Wrangler Unlimited Rubicon;2015
Jeep;Grand Cherokee Summit;2016
Ferrari;GTC4Lusso V12;2018
Mercedes-Benz;GLK-Class GLK 350 4MATIC;2010
INFINITI;QX80 Limited;2017
Ford;F-150 XLT;2021
Hyundai;Tucson Value;2018
Subaru;Forester 2.5i Touring;2018
Toyota;Tacoma;2020
Hyundai;Elantra GLS;2004
Ford;Fusion Titanium;2014
BMW;430 Gran Coupe i;2019
Acura;TLX V6 w/Technology Package;2019
GMC;Acadia SLT-1;2018
Subaru;Ascent Limited 8-Passenger;2020
Lincoln;Aviator Reserve RWD;2020
Ford;Explorer Limited;2017
Ford;Escape SEL;2018
Audi;Q8 55 Premium;2020
GMC;Sierra 1500 SLT;2016
Volvo;S90 T6 R-Design;2020
Ford;EcoSport SE;2019
Mazda;CX-9 Grand Touring;2021
Land;Rover Range Rover SWB;2020
Honda;Civic LX;2022
Dodge;Dakota Big Horn/Lone Star;2011
Acura;ILX w/Premium Pkg;2019
Land;Rover Range Rover 5.0 Supercharged LWB;2019
Subaru;Outback Premium;2021
Honda;HR-V LX;2020
BMW;328 i;2012
Chevrolet;Silverado 1500 LTZ;2014
Land;Rover Defender 110 X-Dynamic HSE;2021
Subaru;WRX STI Base;2017
Volkswagen;Jetta 1.4T S;2017
GMC;Yukon XL Denali;2019
Buick;Enclave Essence;2021
Tesla;Model S Plaid;2022
Volvo;S90 T5 Momentum;2018
Cadillac;CT4 Premium Luxury;2020
GMC;Sierra 1500 AT4;2020
Hyundai;Elantra GLS;2013
Ford;Transit-250 Base;2020
Ford;Mustang GT Premium;2020
BMW;428 i SULEV;2016
Audi;Q7 2.0T Premium;2018
Porsche;Panamera Sport Turismo Turbo;2018
Audi;R8 5.2 quattro Plus;2018
Volvo;XC90 T6 Inscription;2019
BMW;530 i xDrive;2017
Mercedes-Benz;S-Class S 560;2019
Land;Rover Range Rover Supercharged;2012
Mazda;Mazda3 FWD w/Preferred Package;2019
GMC;Sierra 1500 Elevation;2021
Toyota;4Runner SR5;2020
BMW;330 i xDrive;2020
BMW;340 i xDrive;2018
Subaru;Crosstrek Limited;2021
Buick;Enclave Premium;2017
Volkswagen;Atlas 2.0T SE;2021
Honda;Accord EX-L;2019
Ford;Escape Limited;2010
Lexus;RC 350 350;2019
GMC;Acadia SLE;2021
Ford;Bronco Sport Big Bend;2021
BMW;540 i xDrive;2021
Acura;MDX 3.5L w/Advance Package;2020
Acura;TLX V6 w/Technology Package;2020
INFINITI;Q50 3.0t LUXE;2019
Toyota;Camry;2016
Chevrolet;Corvette Grand Sport;2017
Ford;Mustang Premium;2010
BMW;535 i;2016
Porsche;Taycan Base;2021
Volvo;S60 T5 Premier;2015
Acura;TSX 2.4;2012
Ford;F-150 Platinum;2015
Nissan;Murano SL;2012
Nissan;Rogue SL;2021
Nissan;Rogue SV;2017
BMW;440 Gran Coupe i xDrive;2019
BMW;X6 sDrive35i;2017
Ford;Mustang GT Premium;2019
Subaru;Outback 2.5i;2019
Ford;Ranger XLT;2021
Nissan;Maxima 3.5 SR;2020
Honda;Ridgeline Black Edition;2017
Volkswagen;Passat 2.0L TDI DSG SEL Premium;2014
Acura;ILX;2020
Hyundai;Santa Fe SE;2018
BMW;535 i xDrive;2016
Mercedes-Benz;M-Class ML 350 4MATIC;2014
Toyota;RAV4 XLE;2013
Hyundai;Genesis 3.8;2016
Honda;Pilot Touring;2018
Honda;Accord EX;2016
Volkswagen;Tiguan 2.0T;2017
Jeep;Grand Cherokee Overland;2017
Chevrolet;Equinox LT;2016
GMC;Sierra 1500 SLT;2021
BMW;228 i xDrive;2016
Land;Rover LR4 Base;2016
Kia;Sorento EX V6;2019
Jaguar;F-PACE 25t R-Sport;2018
BMW;535 i;2010
Nissan;Rogue SV;2018
Jeep;Grand Cherokee Laredo;2020
Alfa;Romeo Stelvio Ti;2020
Volkswagen;Atlas Cross Sport 3.6L V6 SEL R-Line;2021
Hyundai;Tucson GLS;2011
Subaru;Outback Onyx Edition XT;2020
Kia;Seltos LX;2021
Mercury;Mariner Premier I4 AWD 4dr SUV;2010
RAM;1500 TRX;2021
Nissan;Armada Platinum;2020
Porsche;Cayenne GTS;2014
Chevrolet;Malibu 1LS;2018
Honda;Passport Touring;2021
Ford;Escape S;2014
Chevrolet;Corvette Stingray;2016
Mercedes-Benz;E-Class E 400;2018
Audi;S4 3.0T Prestige;2019
Nissan;Rogue SV;2019
Honda;Odyssey Touring;2014
Jeep;Wrangler Sahara;2017
Subaru;Ascent Premium 7-Passenger;2019
Subaru;Forester Sport;2020
Cadillac;XT5 Luxury AWD;2019
Ford;F-150 XL;2021
Chevrolet;Equinox Premier;2018
Dodge;Grand Caravan GT;2019
BMW;X5 sDrive40i;2021
Kia;K5 GT-Line;2022
Honda;Civic EX-L;2017
Ford;Escape Titanium Hybrid;2020
Nissan;Altima 2.5 S;2021
Mercedes-Benz;GLB 250 Base;2021
Lexus;LS 460;2015
Subaru;Forester Touring;2021
Jeep;Grand Cherokee Overland;2012
Toyota;RAV4 Sport;2010
Audi;A6 2.0T Premium Plus;2013
BMW;M6;2008
GMC;Yukon SLE;2016
Mercedes-Benz;S-Class S 550;2013
Porsche;911;2021
Dodge;Challenger R/T;2016
Nissan;370Z Sport;2016
BMW;X6 xDrive35i;2018
Hyundai;Elantra Limited;2020
Chevrolet;Traverse LS;2018
Mitsubishi;Outlander SEL;2020
Volkswagen;Passat 2.0T R-Line;2020
Lincoln;Navigator Base;2015
Volvo;S60 T5 Premier;2013
Kia;Telluride LX;2021
Subaru;Outback Touring;2020
Kia;Soul GT-Line 1.6L;2020
BMW;X3 sDrive28i;2017
Tesla;Model 3 Mid Range;2019
Toyota;Highlander XLE;2018
BMW;X5 xDrive50i;2018
Jeep;Grand Cherokee Laredo;2021
Toyota;4Runner SR5 Premium;2020
Honda;Accord Sport;2017
GMC;Sierra 1500 SLT;2019
Hyundai;Kona EV Limited;2019
Chevrolet;Captiva Sport 2LS;2015
Chevrolet;Spark 1LT;2020
Ford;F-150 Platinum;2021
Ford;Expedition Limited;2017
Toyota;Tundra Limited;2017
Kia;Telluride S;2021
Audi;Q5 3.0T Premium Plus;2016
Chevrolet;Trailblazer ACTIV;2021
Jeep;Wrangler JK Unlimited Sahara;2018
Honda;Odyssey EX-L;2022
Tesla;Model 3 Standard Range Plus;2020
Chevrolet;Silverado 1500 LT;2015
Nissan;Murano Platinum;2019
Hyundai;Elantra GT Base;2014
Dodge;Charger SRT8;2021
Jeep;Compass Latitude;2018
Lexus;ES 350 Premium;2019
Kia;Sorento LX;2008
Land;Rover Range Rover Velar P250 HSE R-Dynamic;2018
Land;Rover Discovery SE;2020
Chevrolet;Silverado 1500 Custom Trail Boss;2021
BMW;X5 xDrive50i;2016
GMC;Sierra 2500 Denali;2018
Subaru;WRX STI Base;2020
Subaru;Legacy Touring XT;2020
Genesis;G90 3.3T Premium;2019
BMW;X3 xDrive28i;2015
Mazda;CX-30 Select;2020
Dodge;Challenger R/T;2020
Land;Rover Range Rover HSE;2011
BMW;550 i xDrive;2011
Audi;A7 3.0T Prestige quattro;2013
Porsche;718 Cayman S;2018
Honda;Accord LX;2019
Mercedes-Benz;SL-Class SL550 Roadster;2009
Subaru;Forester 2.5i Limited;2017
Lincoln;MKC Select;2017
Toyota;C-HR LE;2019
Volkswagen;Atlas Cross Sport 2.0T SE w/Technology;2022
Nissan;Altima 2.5 S;2020
Chevrolet;Tahoe LS;2018
GMC;Yukon Denali;2020
Nissan;Rogue S;2011
Hyundai;Elantra Value Edition;2018
Toyota;Tundra SR5;2018
Mercedes-Benz;E-Class E 300 Luxury;2017
Chevrolet;Equinox Premier;2019
Chevrolet;Cruze LTZ;2011
Toyota;4Runner SR5 4WD;2021
Mercedes-Benz;C-Class C 350 Sport;2014
Porsche;Taycan Turbo S;2020
Chevrolet;Silverado 1500 WT;2021
Lincoln;Navigator L Reserve;2019
Land;Rover Range Rover 3.0L Supercharged HSE;2017
Ford;Edge Sport;2016
INFINITI;Q50 3.0t LUXE;2021
Dodge;Challenger SRT Hellcat;2020
Lexus;ES 350;2009
Hyundai;Sonata N Line Night Edition;2022
Chevrolet;Blazer 1LT;2020
Nissan;Altima 2.5 Platinum;2020
GMC;Yukon SLT;2016
Jeep;Grand Cherokee Overland;2014
Audi;A4 2.0T Premium Plus;2018
Jeep;Wrangler Unlimited Sahara;2013
Porsche;Cayenne AWD;2020
Genesis;G70 2.0T;2021
Porsche;Cayenne S;2017
Mercedes-Benz;GLA 250 4MATIC;2019
Land;Rover Range Rover HSE;2019
Hyundai;Kona EV Ultimate;2019
Lexus;GX 460 GX 460 Premium;2019
Ford;Expedition Platinum;2018
Nissan;Kicks S;2021
Acura;MDX 3.5L Technology Package;2014
Ford;Escape Titanium;2016
Toyota;Tacoma TRD Off Road;2021
Lexus;NX 300 F-SPORT;2019
Nissan;Maxima 3.5 SV;2020
Chevrolet;Traverse LS;2019
Toyota;Camry Hybrid SE;2020
Mercedes-Benz;GLC 300 Base;2018
BMW;X5 xDrive35i;2015
Volvo;XC90 T6 Inscription 7 Passenger;2020
Honda;Fit Sport;2007
Nissan;Altima 2.5 S;2018
Kia;Sorento SX;2019
Honda;HR-V EX;2016
Honda;Accord Sport 1.5T;2021
Toyota;Sequoia Platinum;2019
BMW;X5 xDrive50i;2014
Ford;Expedition Limited;2021
Mercedes-Benz;CLA-Class CLA 250;2015
Nissan;Pathfinder SV;2020
Nissan;Maxima 3.5 SL;2018
Dodge;Durango SXT;2019
Kia;Soul GT-Line 2.0L;2020
Mazda;CX-5 Sport;2016
Mercedes-Benz;AMG S 63 4MATIC;2019
Toyota;Highlander Hybrid LE;2019
Lexus;GX 460 Base;2014
Dodge;Durango SXT;2015
Lincoln;Navigator Reserve;2018
Acura;MDX 3.7L Advance;2010
Toyota;Tacoma Base;2012
Ford;Fiesta SE;2016
Toyota;RAV4 Hybrid Hybrid Limited;2020
Dodge;Challenger GT;2021
Volkswagen;Beetle Auto 1.8T;2015
Ford;F-150 XLT;2013
Chevrolet;Tahoe Premier;2020
Honda;Civic EX;2015
Chevrolet;Silverado 1500 LTZ;2020
Chevrolet;Tahoe Z71;2022
Lexus;RX 350 350;2020
Toyota;Prius Limited;2019
Porsche;Panamera 4;2016
Honda;Accord Touring;2018
Lexus;RX 350L Premium;2018
Cadillac;Escalade Premium;2015
Hyundai;Kona Limited;2019
Honda;HR-V EX;2018
Lexus;RX 350L Base;2020
Buick;Enclave Premium;2016
Jeep;Cherokee Latitude;2014
Hyundai;Tucson SE;2019
BMW;X2 xDrive28i;2019
Nissan;Pathfinder SL;2022
Buick;Encore Essence;2017
Scion;tC Base;2010
INFINITI;Q50 3.0T Red Sport 400;2016
Subaru;BRZ Limited;2022
Mercedes-Benz;E-Class E 400;2017
GMC;Acadia SLT-1;2017
Toyota;Tacoma SR;2021
RAM;1500 Classic SLT;2019
Nissan;Versa 1.6 SV;2019
Dodge;Challenger SXT;2019
Chevrolet;Equinox LTZ;2016
Honda;HR-V EX-L w/Navigation;2016
Chevrolet;Traverse LT Cloth;2021
Mercedes-Benz;S-Class S 550;2014
Nissan;Titan SV;2019
Jeep;Grand Cherokee Laredo;2015
Chevrolet;Silverado 1500 Custom;2021
Toyota;Tundra Limited;2021
Toyota;Sienna XLE;2020
Buick;Enclave Premium;2015
Audi;A6 55 Premium;2019
Volvo;V60 Cross Country T5;2020
Honda;Odyssey EX-L;2020
Nissan;Sentra S;2016
Audi;A4 2.0T Titanium Premium;2019
Mercedes-Benz;E-Class E 300 4MATIC Sport;2017
Hyundai;Santa Fe Sport 2.4L;2017
Hyundai;Santa Fe SEL;2021
Chevrolet;Tahoe LTZ;2007
Volkswagen;Passat 2.0 TDI SEL Premium;2012
Jeep;Cherokee Latitude;2017
Volkswagen;Atlas 3.6L V6 SEL Premium;2019
Dodge;Journey SE Value;2020
Volvo;V60 T5 Premier;2016
Dodge;Charger GT;2018
Porsche;911 Carrera 4S;2016
Kia;Soul +;2018
Ford;F-150 King Ranch;2019
Volkswagen;Tiguan 2.0T SE R-Line Black;2021
Subaru;Ascent Limited 8-Passenger;2021
Toyota;Camry SE;2013
Dodge;Journey GT;2017
Cadillac;XT6 AWD Sport;2020
Toyota;Sienna L;2017
Nissan;Maxima 3.5 Platinum;2017
Audi;Q7 3.0 Premium Plus;2010
INFINITI;Q50 3.0T Premium;2016
Nissan;Versa 1.6 SV;2017
Hyundai;Santa Fe GLS;2015
Jeep;Grand Cherokee SRT;2017
Jeep;Grand Cherokee Summit;2021
Jeep;Wrangler Unlimited Sahara;2021
Mercedes-Benz;AMG GLE 53 4MATIC Coupe;2021
Mazda;CX-9 Touring;2021
Acura;TLX Advance;2021
Tesla;Model X 75D;2017
Porsche;Taycan 4S;2021
Lexus;RC 350 Base;2015
Audi;S5 3.0T Premium Plus;2018
Jeep;Compass High Altitude;2017
Chevrolet;Corvette Stingray Z51;2015
Chevrolet;Silverado 1500 LTZ;2021
Lexus;ES 350 ES 350;2020
BMW;328 i;2013
Honda;Accord EX-L 2.0T;2020
Dodge;Durango R/T;2015
Hyundai;Elantra Limited;2013
Honda;Pilot Touring 7-Passenger;2021
Dodge;Charger SXT;2020
Mazda;CX-9 Grand Touring;2015
Toyota;Sienna LE;2019
Acura;MDX 3.5L;2018
Dodge;Journey SE;2013
Audi;Q7 3.0T Premium;2014
Jeep;Cherokee Latitude;2018
Volkswagen;Atlas Cross Sport 3.6L V6 SE w/Technology;2020
Mazda;Mazda6 Touring;2020
INFINITI;QX80 Luxe;2020
Tesla;Model X 75D;2018
Toyota;Tundra Limited;2020
Toyota;Tacoma TRD Pro;2021
Jeep;Wrangler Sport;2017
Acura;RDX Base;2013
Porsche;718 Cayman GTS;2018
Cadillac;SRX Performance Collection;2012
Toyota;Highlander LE;2018
Toyota;Venza Limited;2021
Lincoln;Navigator Black Label;2019
Kia;Soul S;2020
Cadillac;CTS Performance;2013
Ford;F-150 Raptor;2018
Audi;A4 2.0T Premium Plus quattro;2009
Toyota;Highlander Limited Platinum;2019
Mercedes-Benz;CLS-Class CLS 550 4MATIC;2012
Jeep;Grand Cherokee L Overland;2021
Porsche;911 Turbo S;2017
Subaru;Outback 2.5i Limited;2013
Cadillac;XT5 Premium Luxury;2021
Nissan;Sentra S;2021
Honda;Element LX;2008
Chrysler;Town & Country Limited Platinum;2015
Mercedes-Benz;CLS-Class CLS 550;2013
Chevrolet;Equinox LS;2014
Mazda;CX-5 Carbon Edition Turbo;2021
Chrysler;Town & Country Touring Plus;2010
Honda;Civic LX;2021
Mercedes-Benz;CLS 450 Base;2019
Mazda;Mazda3 Touring;2018
Toyota;Tacoma SR5;2020
Subaru;Outback 2.5i Touring;2019
BMW;X4 xDrive28i;2016
Jeep;Renegade Sport;2019
BMW;228 Gran Coupe 228i sDrive Gran Coupe;2021
Mercedes-Benz;S-Class S 560 4MATIC;2020
Jeep;Grand Cherokee Trailhawk;2017
Lexus;IS 250 Base;2014
Chevrolet;Silverado 1500 1LZ;2017
Hyundai;Santa Fe SEL Plus 2.4;2019
Jaguar;F-PACE 25t Premium;2018
BMW;330 Gran Turismo i xDrive;2017
Mercedes-Benz;GLA 250 Base;2017
Honda;Accord EX-L;2012
Mercedes-Benz;GLC 300 4MATIC;2019
Mercedes-Benz;GLA 250 Base 4MATIC;2020
Mercedes-Benz;GL-Class GL 450 4MATIC;2016
Audi;A5 2.0T Premium;2018
Ford;Expedition XLT;2019
Mercedes-Benz;E-Class E 350;2021
Kia;Sportage EX;2020
Chevrolet;Blazer 2LT;2019
Jeep;Grand Cherokee Laredo;2013
BMW;X1 xDrive 28i;2014
Chevrolet;Equinox 1LT;2018
Scion;iQ Base;2013
Chevrolet;Silverado 1500 LTZ;2017
Kia;Telluride LX;2020
Toyota;Tundra Grade;2011
Nissan;Frontier PRO-4X;2022
Chevrolet;Silverado 1500 LTZ;2016
Toyota;Avalon Hybrid Limited;2021
Hyundai;Elantra SEL;2019
Audi;Q7 45 Premium;2019
Toyota;Sienna XLE;2016
Toyota;Sienna XLE Premium;2017
GMC;Acadia Denali;2014
Toyota;4Runner SR5;2007
Toyota;4Runner TRD Off Road Premium;2021
Chevrolet;Equinox 2LT;2018
Acura;RDX Base;2014
Nissan;Versa 1.6 S;2016
Mercedes-Benz;CLA 250;2019
Nissan;Titan SV;2020
Chevrolet;Corvette Stingray Z51;2017
Lexus;RX 350 Base;2016
Acura;MDX Advance;2022
Ford;Transit Connect XL;2019
Dodge;Durango Citadel;2015
Ford;Mustang Mach-E Select;2021
RAM;1500 Lone Star;2021
Dodge;Journey SE/AVP;2012
Hyundai;Santa Fe Calligraphy;2022
Toyota;Highlander Limited;2013
Ford;Escape Limited;2012
Chevrolet;Tahoe LS;2020
Jeep;Cherokee Trailhawk;2015
Kia;Forte LX;2018
Toyota;Sienna LE;2021
Mitsubishi;Outlander Sport 2.0 ES;2016
Porsche;911 Carrera;2017
Dodge;Durango SXT;2017
Toyota;Camry SE;2016
Nissan;Armada Platinum;2012
Toyota;RAV4 Hybrid LE;2021
Lexus;RX 350 F Sport;2016
BMW;X5 M Base;2021
MINI;Countryman Cooper S ALL4;2015
Nissan;Murano Platinum;2018
GMC;Acadia SLE-2;2016
Dodge;Durango Limited;2015
Ford;F-150 XLT;2014
Dodge;Challenger SRT Hellcat;2016
Chevrolet;Silverado 1500 RST;2020
Lincoln;MKZ Reserve II;2019
Toyota;RAV4 Limited;2014
Ford;Transit-250 Base;2019
Kia;Optima EX;2019
Dodge;Durango R/T;2016
Jeep;Wrangler Unlimited Rubicon;2017
Toyota;Corolla S;2010
Toyota;Camry LE;2021
Acura;MDX 3.5L;2016
Mercedes-Benz;CLS-Class CLS 63 AMG;2012
Toyota;Highlander Limited;2005
Audi;R8 5.2;2015
Nissan;Rogue Sport S;2019
Audi;Q5 2.0T Premium Plus;2013
Nissan;Pathfinder SL;2019
Lexus;NX 300 F Sport;2021
INFINITI;QX50 ESSENTIAL;2020
Lexus;NX 300 Base;2018
Jeep;Grand Cherokee Altitude;2017
Lexus;NX 200t Base;2017
Hyundai;Sonata SE;2018
BMW;440 Gran Coupe i xDrive;2018
Honda;Civic Sport;2021
Toyota;Highlander SE;2012
Chevrolet;Corvette Grand Sport;2012
BMW;335 i;2015
Tesla;Model 3 Performance;2022
Porsche;Cayenne;2021
Lexus;GX 460 Luxury;2016
Volkswagen;Jetta GLI 2.0T Autobahn;2021
Chevrolet;Silverado 1500 LT Trail Boss;2020
Lamborghini;Huracan LP610-4;2016
BMW;330 i xDrive;2017
Toyota;Tundra W/ NAVIGATION&PLATINUM;2019
Volkswagen;Jetta 2.0L S w/Technology;2015
Toyota;Highlander XLE;2015
Nissan;Murano S;2020
Jeep;Grand Cherokee High Altitude;2020
Chrysler;Pacifica Limited;2019
Jeep;Wrangler Unlimited Sahara;2016
Buick;Regal Turbo Premium I;2015
Toyota;Tundra SR;2021
Lincoln;Corsair Standard;2020
Mazda;CX-9 Grand Touring;2014
Lexus;ES 300h Base;2013
Subaru;Outback Touring XT;2021
Nissan;Pathfinder SV;2014
Hyundai;Genesis 3.8;2015
Chevrolet;Camaro 2SS;2016
Ford;Explorer XLT;2015
Jeep;Grand Cherokee Limited;2009
Subaru;Impreza Limited;2017
Jeep;Grand Cherokee L Summit;2021
Nissan;Sentra SV;2019
Nissan;Altima 2.5 S;2015
Jeep;Wrangler Sport;2014
INFINITI;Q50 3.0t Sport;2018
Land;Rover Discovery Landmark Edition;2020
Mercedes-Benz;AMG GLE AMG GLE 63 S-Model 4MATIC;2016
Porsche;911 Carrera 4S;2015
BMW;X5 xDrive35i Premium;2013
Honda;Accord Sport 1.5T;2020
Alfa;Romeo Stelvio Base;2019
Mazda;MX-5 Miata Club;2016
Nissan;Rogue SL;2008
Chrysler;200 S;2016
Volkswagen;Tiguan 2.0T SE;2018
Chevrolet;Equinox LS;2017
Mercedes-Benz;GL-Class GL 450 4MATIC;2012
Tesla;Model X 100D;2018
Mazda;CX-5 Touring;2016
Jeep;Wrangler Unlimited Sahara;2017
Land;Rover Range Rover Sport 5.0L Supercharged Dynamic;2019
Volkswagen;Atlas 3.6L SEL;2019
Ford;Escape SEL;2013
Ford;EcoSport Titanium;2020
Chevrolet;Impala Premier;2020
Acura;RDX AcuraWatch Plus Pkg;2016
Land;Rover Defender X;2021
Volkswagen;Tiguan 2.0T SEL;2020
Hyundai;Santa Fe Ultimate 2.4;2019
